"","Name","PassportID","Gender","DateOfBirth","Age","Nationality","University","Commission","YearOfAdmission"
"1","Sara Al-Farsi","MY923724","Female","15/7/1995",21,"Oman","UM",3000,2016
"2","Ahmed Al-Rashid","MY812345","Male","22/11/1996",20,"Saudi Arabia","UPM",3500,2016
"3","Leila Abbas","MY721856","Female","10/4/1994",22,"Iraq","UM",2800,2016
"4","Kareem Al-Mahdi","MY634872","Male","5/2/1995",21,"Sudan","UTM",3200,2016
"5","Yasmin Ahmed","MY583910","Female","3/8/1994",22,"Somalia","USM",2900,2016
"6","Hassan Mohammed","MY427197","Male","12/6/1996",20,"Kenya","UM",3100,2016
"7","Aisha Hussein","MY329678","Female","20/10/1995",21,"Yemen","UTM",2700,2016
"8","Nour Al-Ali","MY266491","Male","2/12/1994",22,"Egypt","UPM",3000,2016
"9","Ali Mahmoud","MY197842","Male","11/3/1995",21,"Palestine","UM",2900,2016
"10","Yasir Hassan","MY142736","Male","9/9/1996",20,"Sudan","USM",3300,2016
"11","Fatima Abdullah","MY087433","Female","28/1/1994",22,"Saudi Arabia","UPM",3500,2016
"12","Amir Ibrahim","MY003729","Male","17/11/1994",22,"Somalia","UTM",2800,2016
"13","Sara Al-Masri","MY956242","Female","25/5/1995",21,"Syria","UM",3000,2016
"14","Omar El-Sayed","MY892335","Male","3/9/1996",20,"Egypt","USM",3200,2016
"15","Aisha Abdulrahman","MY768891","Female","8/2/1994",22,"UAE","UM",3100,2016
"16","Ahmed Al-Mansoori","MY782315","Male","21/8/1996",21,"UAE","UM",2800,2017
"17","Fatima Ali","MY653421","Female","18/2/1995",22,"Iraq","UPM",3200,2017
"18","Karim Al-Hassan","MY527834","Male","3/12/1994",23,"Egypt","UM",2900,2017
"19","Yasmin Al-Khalid","MY419732","Female","12/5/1996",21,"Saudi Arabia","UTM",3100,2017
"20","Omar El-Mahdi","MY352918","Male","29/9/1995",22,"Sudan","USM",3000,2017
"21","Leila Al-Said","MY286513","Female","8/11/1994",23,"Lebanon","UM",3300,2017
"22","Amir Al-Amin","MY217945","Male","14/6/1996",21,"Libya","UPM",3100,2017
"23","Sara Hassan","MY169726","Female","25/3/1995",22,"Yemen","UM",2800,2017
"24","Hassan Ibrahim","MY082453","Male","19/7/1994",23,"Pakistan","UPM",3200,2017
"25","Nour Al-Mansoori","MY041625","Male","10/9/1996",21,"UAE","UTM",3000,2017
"26","Aisha Ali","MY975842","Female","29/1/1995",22,"Iraq","UM",2900,2017
"27","Kareem Al-Hassan","MY822760","Male","16/4/1994",23,"Egypt","USM",3100,2017
"28","Yasmin Al-Khalid","MY714932","Female","20/7/1996",21,"Saudi Arabia","UM",2800,2017
"29","Omar El-Mahdi","MY656128","Male","5/10/1995",22,"Sudan","UPM",3200,2017
"30","Leila Al-Said","MY562397","Female","9/12/1994",23,"Jordan","UM",2900,2017
"31","Zainab Al-Hamad","MY564712","Female","12/1/1996",20,"Bahrain","UPM",2800,2017
"32","Hassan Al-Mazrouei","MY751928","Male","22/4/1995",22,"UAE","UM",3200,2017
"33","Fatima Ahmed","MY629847","Female","29/7/1994",23,"Egypt","USM",2900,2017
"34","Karim Al-Sulaiman","MY427819","Male","8/2/1996",21,"Saudi Arabia","UM",3100,2017
"35","Sara El-Mahdi","MY398517","Female","5/9/1995",22,"Sudan","UPM",3000,2017
"36","Leila Al-Rashid","MY213456","Female","18/12/194",23,"Iraq","UM",3300,2017
"37","Amir Al-Mansoori","MY196843","Male","14/6/1996",20,"UAE","UPM",3100,2017
"38","Yasmin Hassan","MY174635","Female","25/1/1995",22,"Yemen","UM",2800,2017
"39","Omar Ibrahim","MY098746","Male","19/8/1994",23,"Egypt","UPM",3200,2017
"40","Nour Al-Amin","MY065128","Male","10/9/1996",21,"Libya","UM",3000,2017
"41","Aisha Al-Hassan","MY922411","Female","29/1/1995",22,"Sudan","USM",2900,2017
"42","Kareem Al-Said","MY871536","Male","16/4/1994",23,"Jordan","UM",3100,2017
"43","Yasmin Al-Mazrouei","MY735298","Female","20/7/1996",21,"UAE","UM",2800,2017
"44","Omar Ahmed","MY652487","Male","5/10/1995",22,"Egypt","USM",3200,2017
"45","Leila Al-Hamad","MY579631","Female","9/12/1994",23,"Bahrain","UM",2900,2017
"46","Hassan Al-Sulaiman","MY447801","Male","16/2/1996",21,"Saudi Arabia","UM",3100,2017
"47","Fatima El-Mahdi","MY366492","Female","23/9/1995",22,"Sudan","USM",3000,2017
"48","Karim Al-Rashid","MY254761","Male","28/12/1994",23,"Iraq","UM",3300,2017
"49","Mohamed Ali","MY98765432","Male","1-Jan-99",20,"Somalia","UCSI",1500,2019
"50","Fardous Ahmed","ID12345678","Female","1-Jan-00",19,"Somalia","UM",2000,2019
"51","Khalid Omar","EG89101112","Male","1-Jan-01",18,"Somalia","Taylor's",1800,2019
"52","Mohamed Salah","SD13141516","Male","1-Jan-97",22,"Egypt","APU",2200,2019
"53","Ahmed Hassan","ET17181920","Male","1-Jan-00",19,"Egypt","UUM",1900,2019
"54","Norhan Ali","SA21222324","Female","1-Jan-98",21,"Egypt","UIA",2500,2019
"55","Samira Younis","KW25262728","Female","1-Jan-00",19,"Egypt","City",1700,2019
"56","Zainab Bashir","OM29303132","Female","1-Jan-01",18,"Sudan","UPM",2200,2019
"57","Abdullah Hassan","QA33343536","Male","1-Jan-99",20,"Sudan","USM",2000,2019
"58","Salman Ibrahim","BH37383940","Male","1-Jan-02",17,"Sudan","UiTM",1700,2019
"59","Amina Ali","JO41424344","Female","1-Jan-99",20,"Kenya","UMS",1800,2019
"60","Hiranya Uma","LB45464748","Female","1-Jan-01",18,"Kenya","UKM",2200,2019
"61","Ismail Hassan","SY49505152","Male","1-Jan-98",21,"Kenya","IIUM",2500,2019
"62","Safwan Salah","TR53545556","Male","1-Jan-00",19,"Kenya","UniMAP",1900,2019
"63","Rahim Ahmed","GR57585960","Male","1-Jan-01",18,"Somalia","UTM",1700,2019
"64","Farouk Mohamed","IT61626364","Male","1-Jan-98",23,"Egypt","AIT",1500,2019
"65","Noura Ali","ES65666768","Female","5-Feb-99",20,"Somalia","ASU",2000,2019
"66","Muhammad Rami","FR69707172","Male","4-Apr-97",22,"Egypt","UP",1800,2019
"67","Aisha Bashir","DE73747576","Female","15-Sep-98",21,"Somalia","UTHM",2500,2019
"68","Sarah Abdelaziz","NL77787980","Female","22-Oct-96",23,"Egypt","UMK",2200,2019
"69","Abdikarim Hassan","SE81828384","Male","8-Dec-99",20,"Somalia","UMT",1700,2019
"70","Mohamed Ali","NO85868788","Male","1-Jan-99",20,"Somalia","UMP",1900,2019
"71","Ameena Hassan","DK89909192","Female","1-Jan-97",22,"Somalia","USIM",1800,2019
"72","Muhammad Ahmed","FI93949596","Male","12-Feb-98",21,"Egypt","UTP",2000,2019
"73","Abdullah Ahmed","PL97989900","Male","5-Jul-99",20,"Sudan","UMKC",2200,2019
"74","Mariam Hassan","CZ01020304","Female","14-Apr-97",22,"Somalia","UTHM",2100,2019
"75","Omar Hassan Ali","SK05060708","Male","3-Dec-97",22,"Somalia","UMT",1700,2019
"76","Mohamed Ismail","HU09101112","Male","1-Jan-98",21,"Egypt","UMK",1900,2019
"77","Ayman Hassan","RO13141516","Male","9-Sep-98",21,"Egypt","UPMKB",1600,2019
"78","Abdi Hassan","BG17181920","Male","3-Jan-98",23,"Somalia","UMP",500,2019
"79","Fatima Ali","UA21222324","Female","15-Jul-97",23,"Somalia","USIM",250,2019
"80","Ahmed Mohamed","RU25262728","Male","10-Sep-96",24,"Somalia","UTP",400,2019
"81","Omar Abdi","KZ29303132","Male","2-Feb-99",22,"Somalia","UMKC",450,2019
"82","Mohamed Ali","CN33343536","Male","20-Apr-98",23,"Somalia","UTHM",300,2019
"83","Abdullah Ahmed","JP37383940","Male","5-Jun-97",23,"Yemen","UMT",350,2019
"84","Salma Hassan","KR41424344","Female","18-Dec-98",22,"Yemen","UMK",200,2019
"85","Omar Al-Shami","TW45464748","Male","12-Oct-99",21,"Yemen","UPMKB",550,2019
"86","Fatima Al Ali","HK49505152","Female","1-Jan-96",25,"Bahrain","UMK",150,2019
"87","Ali Hassan","MY53545556","Male","5-Aug-97",23,"Bahrain","USIM",300,2019
"88","Mohamed Saeed","SG57585960","Male","14-Feb-98",23,"Egypt","UTP",400,2019
"89","Sarah Abdullah","TH61626364","Female","6-May-96",24,"Egypt","UMKC",250,2019
"90","Ahmed Hassan","VN65666768","Male","9-Sep-99",21,"Egypt","UTHM",350,2019
"91","Amira Mohamed","PH69707172","Female","20-Oct-97",23,"Egypt","UMT",150,2019
"92","Mustafa Ali","ID73747576","Male","8-Dec-98",22,"Egypt","UMK",450,2019
"93","Ahmed Alami","AU77787980","Male","3-Feb-98",23,"Morocco","UPMKB",2500,2019
"94","Fatima Ali","NZ81828384","Female","10-Jan-00",19,"UAE","UMK",3000,2019
"95","Nader Abdullah","FJ85868788","Male","25-Dec-99",20,"Saudi Arabia","USIM",2000,2019
"96","Yasmin Bakr","PG89909192","Female","17-Apr-97",22,"Egypt","UTP",1500,2019
"97","Ahmad Mansour","SB93949596","Male","5-Jul-00",19,"Lebanon","UMKC",1800,2019
"98","Salim Hussein","TO97989900","Male","1-Sep-97",22,"Somalia","UTHM",2200,2019
"99","Layla Khalil","WS01020304","Female","12-Jun-00",19,"Jordan","UMT",2400,2019
"100","Omar Abdulrahman","TV05060708","Male","21-Nov-96",23,"UAE","UMK",2000,2019
"101","Mustafa Sadiq","NZ09101112","Male","9-May-98",21,"Iraq","UPMKB",1800,2019
"102","Amira Ahmed","MH13141516","Female","16-Oct-99",20,"Egypt","UMK",1700,2019
"103","Nabil Ali","FM17181920","Male","7-Dec-97",22,"Yemen","USIM",2500,2019
"104","Nada Hassan","PW21222324","Female","30-Mar-96",23,"Palestine","UTP",2200,2019
"105","Mohamed Saleh","NR25262728","Male","14-Sep-99",20,"Sudan","UMKC",2000,2019
"106","Maryam Ali","JH331017","Female","20/6/1998",23,"Malaysia","UTHM",8000,2019
"107","Aminah Yusof","KF214009","Female","12/2/2000",19,"Malaysia","UMT",9000,2019
"108","Ahmed Hassan","RF423008","Male","5/11/1997",22,"Egypt","UMK",8500,2019
"109","Farida Abdallah","MY923724","Female","15/3/1998",21,"Egypt","UPMKB",3000,2019
"110","Ahmad Al-Said","MY812345","Male","22/6/1999",20,"Saudi Arabia","UMK",3500,2019
"111","Wafaa Ali","MY721856","Female","10/1/1997",22,"Iraq","USIM",2800,2019
"112","Hassan Al-Mahdi","MY634872","Male","5/9/1998",21,"Sudan","UTP",3200,2019
"113","Amina Ahmed","MY583910","Female","3/7/1997",22,"Somalia","UMKC",2900,2019
"114","Yasin Mohammed","MY427197","Male","12/12/1999",20,"Kenya","UTHM",3100,2019
"115","Safiya Hussein","MY329678","Female","20/5/1998",21,"Yemen","UMT",2700,2019
"116","Hassan Ali","MY266491","Male","2/4/1997",22,"Egypt","UMK",3000,2019
"117","Dina Mahmoud","MY197842","Female","11/11/1998",21,"Palestine","UPMKB",2900,2019
"118","Ibrahim Hassan","MY142736","Male","9/8/1999",20,"Sudan","UTM",3300,2019
"119","Ali Abdullah","MY087433","Male","28/2/1997",22,"Saudi Arabia","UTHM",3500,2019
"120","Leila Ibrahim","MY003729","Female","17/10/1997",22,"Somalia","UMK",2800,2019
"121","Mariam Al-Masri","MY956242","Female","25/6/1998",21,"Syria","UMT",3000,2019
"122","Ahmed El-Sayed","MY892335","Male","3/9/1999",20,"Egypt","UMP",3200,2019
"123","Omar Abdulrahman","MY768891","Male","8/3/1997",22,"United Arab Emirates","UTM",3100,2019
"124","Muhammad Faisal","LB129864","Male","12/2/1998",21,"Lebanon","UTHM",7500,2019
"125","Farida Mohamed","SD473001","Female","24/7/1999",20,"Sudan","UMK",8200,2019
"126","Ahmed Al-Khaldi","KS334005","Male","1/1/2000",19,"Saudi Arabia","UMT",7200,2019
"127","Maryam Al-Mansouri","AE876102","Female","11/10/1998",21,"United Arab Emirates","UMP",6800,2019
"128","Hiba Abdelrahman","SD339922","Female","17/5/1997",22,"Sudan","UTM",8000,2019
"129","Abdullah Saleh","SA778934","Male","8/3/1999",20,"Saudi Arabia","UTHM",7200,2019
"130","Salim Ahmed","OM983002","Male","25/12/1997",22,"Oman","UMK",7800,2019
"131","Khaled Abdelmoneim","EG432221","Male","30/6/2000",19,"Egypt","UMT",8200,2019
"132","Ayatullah Hamzah","AF209810","Male","5/1/1998",21,"Afghanistan","UMP",7000,2019
"133","Yasmin Al-Farsi","OM119865","Female","1/9/1997",22,"Oman","UTM",6700,2019
"134","Dalia Said","EG558922","Female","18/11/1999",20,"Egypt","UTHM",7500,2019
"135","Ahmed Al-Ali","QA876004","Male","21/8/1998",21,"Qatar","UMK",8300,2019
"136","Mariam Hussein","SO657712","Female","12/6/1998",21,"Somalia","UMT",7800,2019
"137","Fatima Mohamed","SD132003","Female","17/2/2000",19,"Sudan","UMP",8000,2019
"138","Ali Ibrahim","EG879002","Male","9/4/1999",20,"Egypt","UTM",7200,2019
"139","Omar Al-Bakri","LB773009","Male","31/7/1997",22,"Lebanon","UTHM",6800,2019
"140","Asmaa Al-Hashemi","AE999123","Female","6/5/1998",21,"United Arab Emirates","UMK",8200,2019
"141","Ahmed El-Sayed","EG312004","Male","12/3/2001",18,"Egypt","UMT",2500,2019
"142","Sanaa Ali","SO120053","Female","5/7/1998",21,"Somalia","UMP",3000,2019
"143","Ahmad Hassan","SD820029","Male","17/2/2000",19,"Sudan","UTM",2000,2019
"144","Ali al-Abadi","IQ712007","Male","23/6/2002",17,"Iraq","UTHM",1500,2019
"145","Sara Khalifa","EG412003","Female","1/9/1999",20,"Egypt","UMK",2200,2019
"146","Ahmed Omar","SO120054","Male","2/1/2001",18,"Somalia","UMT",2800,2019
"147","Noura Ahmed","SD820030","Female","15/10/1998",21,"Sudan","UMP",2700,2019
"148","Fatima Abdullah","IQ712008","Female","10/5/2000",19,"Iraq","UTM",1800,2019
"149","Nour el-Din","SY612009","Male","28/2/1999",20,"Syria","UTHM",2100,2019
"150","Amir Said","JO820004","Male","3/8/2000",19,"Jordan","UMK",2500,2019
"151","Dalia Hassan","EG312005","Female","19/6/1998",21,"Egypt","UMT",1900,2019
"152","Ali Abdi","SO120055","Male","10/12/1999",20,"Somalia","UMP",2200,2019
"153","Amal Hamza","SD820031","Female","3/4/2001",18,"Sudan","UTM",2400,2019
"154","Hasan Ali","IQ712009","Male","12/1/2002",17,"Iraq","UTHM",2600,2019
"155","Layla Nasr","SY612010","Female","2/11/2000",19,"Syria","UMK",2800,2019
"156","Hassan Ali","AG232015","Male","12-Feb-00",22,"Yemen","UCSI",4500,2022
"157","Rahma Mohamed","BF423007","Female","23-Jul-01",21,"Somalia","UM",3000,2022
"158","Ahmed Salah","CC523016","Male","30-Sep-00",22,"Sudan","Taylor's",4000,2022
"159","Maryam Ibrahim","DE217010","Female","17-Jun-02",20,"Ethiopia","APU",3500,2022
"160","Fatima Omar","EE122010","Female","3-Aug-00",22,"Somalia","UUM",3200,2022
"161","Khalid Abdullah","FG222009","Male","27-Jan-00",22,"Yemen","UIA",4500,2022
"162","Nadia Ali","GH122008","Female","10-Jun-01",21,"Somalia","City",3000,2022
"163","Mohammed Yusuf","HH323017","Male","2-Mar-02",20,"Somalia","KLU",4000,2022
"164","Aisha Abdi","JJ423020","Female","29-Dec-01",21,"Somalia","UPM",3500,2022
"165","Omar Ahmed","KK112010","Male","8-Sep-00",22,"Somalia","USM",3200,2022
"166","Ali Abdullahi","LL218009","Male","1-Nov-01",21,"Somalia","UiTM",4500,2022
"167","Zainab Hassan","MM321008","Female","14-Feb-00",22,"Yemen","UMS",3000,2022
"168","Abdulrahman Ali","NN233019","Male","19-May-02",20,"Yemen","UKM",4000,2022
"169","Muna Farah","PP422013","Female","7-Oct-01",21,"Somalia","IIUM",3500,2022
"170","Mohammed Salah","QQ522013","Male","10-Dec-00",22,"Yemen","UniMAP",3200,2022
"171","Amal Ahmed","A1823578","Female","2-Feb-01",21,"Sudanese","UTM",1500,2022
"172","Waleed Saleh","F4512758","Male","15-Jul-00",22,"Yemeni","AIT",1800,2022
"173","Zaki Al Khoury","B8284652","Male","1-Jan-02",20,"Lebanese","ASU",2000,2022
"174","Nadeen Al Masri","J7743026","Female","3-Apr-99",23,"Palestinian","UP",1700,2022
"175","Rania Khalid","P3579631","Female","6-Sep-01",21,"Sudanese","UTHM",2200,2022
"176","Ahmed Hussein","M9610347","Male","8-Dec-00",22,"Egyptian","UMK",1500,2022
"177","Fatima Ismail","M8890444","Female","5-Feb-99",23,"Somali","UMT",1900,2022
"178","Omar Ali","N7561029","Male","22-Jan-00",22,"Iraqi","UMP",2000,2022
"179","Ayah Khader","G3562896","Female","11-Oct-01",21,"Jordanian","USIM",1500,2022
"180","Huda Al Badi","L4521376","Female","8-Mar-02",20,"Bahraini","UTP",1800,2022
"181","Yassin Mohamed","P6329583","Male","12-Jun-00",22,"Djiboutian","UMKC",2000,2022
"182","Zainab Mohammed","F4865036","Female","19-Dec-99",23,"Omani","UPMKB",1500,2022
"183","Ahmad Saad","A7250631","Male","23-Apr-01",21,"Lebanese","INTI",1700,2022
"184","Mouna Ahmed","G3180285","Female","28-Aug-98",24,"Yemeni","MMU",2000,2022
"185","Walid Al Said","P7461099","Male","9-Jul-02",20,"Palestinian","Sunway",3000,2022
"186","Abdallah Ahmed","A123456","Male","12/5/2003",19,"Somalia","SEGi",3600,2022
"187","Abdelrahman Mohamed","A234567","Male","21/1/2003",19,"Egypt","HELP",3200,2022
"188","Abeer Ali","A345678","Female","3/9/2002",20,"Yemen","TARUC",4700,2022
"189","Ahmed Hassan","A456789","Male","4/2/2003",19,"Sudan","UNITEN",4200,2022
"190","Aisha Abdi","A567890","Female","15/6/2002",20,"Somalia","Heriot-Watt",3400,2022
"191","Alia Hussein","A678901","Female","8/8/2003",18,"Yemen","AIMST",2600,2022
"192","Amal Mohamed","A789012","Female","27/10/2002",20,"Egypt","KDU",2300,2022
"193","Anwar Ali","A890123","Male","30/12/2002",20,"Yemen","RCSI",3000,2022
"194","Asmaa Hassan","A901234","Female","1/3/2003",19,"Sudan","Saito",2700,2022
"195","Aziza Mohamed","A012345","Female","22/5/2002",20,"Egypt","Taylor's",3100,2022
"196","Basheer Ahmed","A123456","Male","10/11/2002",20,"Somalia","UCSI",3200,2022
"197","Dalia Ali","A234567","Female","3/4/2002",20,"Yemen","UNIMAS",3600,2022
"198","Ebrahim Hassan","A345678","Male","24/7/2003",18,"Sudan","TARC",4700,2022
"199","Fatima Abdi","A456789","Female","15/8/2002",20,"Somalia","MAHSA",4200,2022
"200","Hala Ali","A678901","Female","18/3/2002",20,"Yemen","KLMUC",3000,2022
"201","Hamid Hussein","A789012","Male","21/4/2003",18,"Somalia","IACT",2900,2022
"202","Hanan Mohamed","A890123","Female","23/11/2002",20,"Egypt","OUM",3400,2022
"203","Hasan Abdi","A901234","Male","14/6/2003",19,"Somalia","UTAR",2700,2022
"204","Hayat Ahmed","A012345","Female","10/8/2003",18,"Sudan","WOU",3600,2022
"205","Ibrahim Mohamed","A123456","Male","5/3/2003",19,"Egypt","SEGi",4200,2022
"206","Ikram Ali","A234567","Female","16/2/2002",20,"Yemen","INTI",3100,2022
"207","Jana Hassan","A345678","Female","12/5/2002",20,"Sudan","TARUC",3200,2022
"208","Jawad Abdi","A456789","Male","30/9/2002",20,"Somalia","MMU",2500,2022
"209","Jihan Hussein","A567890","Female","26/6/2002",20,"Yemen","Sunway",2600,2022
"210","Karam Mohamed","A678901","Male","2/10/2002",20,"Egypt","KDU",3000,2022
"211","Khadija Ali","A789012","Female","11/1/2003",19,"Somalia","HELP",2900,2022
"212","Khalid Hassan","A890123","Male","12/4/2002",20,"Egypt","UCSI",4700,2022
"213","Nisrin Ahmed","A456789","Female","14/7/2003",18,"Sudan","UNITEN",3100,2022
"214","Lamia Mohamed","A012345","Female","12/3/2003",19,"Egypt","UNIMAS",3100,2022
"215","Lina Ali","A123456","Female","15/6/2002",20,"Yemen","AIMST",2300,2022
"216","Lubna Hassan","A234567","Female","28/9/2002",20,"Sudan","TARC",3200,2022
"217","Mahmoud Abdi","A345678","Male","22/5/2003",19,"Somalia","MAHSA",3600,2022
"218","Malak Hussein","A456789","Female","4/12/2002",20,"Yemen","KLMUC",3400,2022
"219","Mariam Mohamed","A567890","Female","21/2/2003",19,"Egypt","IACT",4200,2022
"220","Maryam Ali","A678901","Female","23/4/2002",20,"Yemen","OUM",4700,2022
"221","Mohamed Hassan","A789012","Male","16/6/2003",19,"Sudan","UTAR",2700,2022
"222","Nadia Abdi","A890123","Female","8/8/2002",20,"Somalia","WOU",2900,2022
"223","Nadine Hussein","A901234","Female","3/1/2003",19,"Egypt","SEGi",2600,2022
"224","Naima Mohamed","A012345","Female","28/7/2002",20,"Somalia","INTI",2500,2022
"225","Nasir Ali","A123456","Male","2/8/2003",18,"Yemen","TARUC",3000,2022
"226","Nidal Hassan","A234567","Male","14/11/2002",20,"Sudan","MMU",2700,2022
"227","Nihad Abdi","A345678","Male","15/4/2003",19,"Somalia","Sunway",4200,2022
"228","Sara Mohamed","A890123","Female","4/1/2003",19,"Egypt","KDU",4700,2022
"229","Nizar Mohamed","A567890","Male","7/6/2002",20,"Egypt","HELP",2600,2022
"230","Noor Ali","A678901","Male","28/1/2003",19,"Yemen","UCSI",3000,2022
"231","Omar Hussein","A789012","Male","30/4/2002",20,"Somalia","UNITEN",3200,2022
"232","Randa Mohamed","A890123","Female","23/4/2003",19,"Egypt","UNIMAS",3600,2022
"233","Rania Ali","A901234","Female","16/11/2002",20,"Yemen","AIMST",3400,2022
"234","Rawan Hassan","A012345","Female","8/2/2003",19,"Sudan","TARC",2900,2022
"235","Rima Abdi","A123456","Female","11/6/2002",20,"Somalia","MAHSA",4700,2022
"236","Saad Mohamed","A234567","Male","24/3/2003",19,"Egypt","KLMUC",4200,2022
"237","Sabah Ali","A345678","Female","16/8/2002",20,"Yemen","IACT",2500,2022
"238","Sahar Hussein","A456789","Female","10/12/2002",20,"Sudan","OUM",2700,2022
"239","Salah Abdi","A567890","Male","7/10/2002",20,"Somalia","UTAR",3400,2022
"240","Salma Ahmed","A678901","Female","30/7/2003",18,"Egypt","WOU",2900,2022
"241","Samir Hassan","A789012","Male","20/5/2002",20,"Yemen","SEGi",3000,2022
"242","Sara Ali","A890123","Female","17/3/2003",19,"Yemen","INTI",3600,2022
"243","Sarah Hassan","A901234","Female","19/8/2002",20,"Sudan","TARUC",2900,2022
"244","Shadi Abdi","A012345","Male","22/2/2003",19,"Somalia","MMU",4200,2022
"245","Shahd Hussein","A123456","Female","13/7/2002",20,"Egypt","Sunway",3100,2022
"246","Sherif Mohamed","A234567","Male","11/8/2003",18,"Egypt","KDU",2700,2022
"247","Siham Ali","A345678","Female","25/11/2002",20,"Yemen","HELP",2500,2022
"248","Sofia Hassan","A456789","Female","28/5/2003",19,"Sudan","UCSI",3200,2022
"249","Souad Abdi","A567890","Female","4/1/2003",19,"Somalia","UNITEN",4700,2022
"250","Sumaya Mohamed","A678901","Female","6/4/2002",20,"Egypt","UNIMAS",2600,2022
"251","Taha Hussein","A789012","Male","17/6/2003",19,"Sudan","AIMST",2600,2022
"252","Tariq Abdi","A890123","Male","12/9/2002",20,"Somalia","TARC",3000,2022
"253","Umar Mohamed","A901234","Male","7/12/2002",20,"Egypt","MAHSA",3600,2022
"254","Wafa Ali","A012345","Female","2/3/2003",19,"Yemen","KLMUC",2900,2022
"255","Yahya Hassan","A123456","Male","24/6/2002",20,"Sudan","IACT",3400,2022
"256","Yasmin Hussein","A234567","Female","29/9/2002",20,"Somalia","OUM",3200,2022
"257","Yasmine Mohamed","A345678","Female","18/6/2003",19,"Egypt","UTAR",3100,2022
"258","Youssef Ali","A456789","Male","9/12/2002",20,"Yemen","WOU",2600,2022
"259","Zainab Hassan","A567890","Female","12/4/2003",19,"Sudan","SEGi",2700,2022
"260","Zaki Mohamed","A678901","Male","26/7/2002",20,"Egypt","INTI",4200,2022
"261","Ziad Abdi","A789012","Male","16/2/2003",19,"Somalia","TARUC",3600,2022
"262","Zina Ali","A890123","Female","29/5/2002",20,"Yemen","MMU",4700,2022
"263","Zubair Hussein","A901234","Male","14/1/2003",19,"Sudan","Sunway",3400,2022
"264","Abdul Rahman Mohamed","A012345","Male","6/5/2002",20,"Egypt","KDU",2300,2022
"265","Ahmed Ali","A123456","Male","22/8/2003",18,"Yemen","HELP",3100,2022
"266","Ahmed Hassan","A234567","Male","14/11/2002",20,"Sudan","UCSI",3000,2022
"267","Amal Abdi","A345678","Female","1/4/2003",19,"Somalia","UNITEN",2900,2022
"268","Amina Hussein","A456789","Female","20/8/2002",20,"Egypt","UNIMAS",2600,2022
"269","Asma Ali","A678901","Female","9/1/2003",19,"Yemen","AIMST",3000,2022
"270","Basma Mohamed","A789012","Female","3/7/2002",20,"Egypt","TARC",3600,2022
"271","Bilal Abdi","A890123","Male","18/5/2003",19,"Somalia","MAHSA",3100,2022
"272","Eman Hussein","A901234","Female","11/6/2002",20,"Sudan","KLMUC",2900,2022
"273","Fatima Ali","A012345","Female","25/12/2002",20,"Yemen","IACT",2600,2022
"274","Hafsa Hassan","A123456","Female","17/7/2003",18,"Somalia","OUM",3200,2022
"275","Hala Mohamed","A234567","Female","15/4/2002",20,"Egypt","UTAR",3400,2022
"276","Hamza Abdi","A345678","Male","29/3/2003",19,"Somalia","WOU",4700,2022
"277","Idris Hussein","A456789","Male","25/11/2002",20,"Sudan","SEGi",2700,2022
"278","Inas Ali","A567890","Female","12/2/2003",19,"Yemen","INTI",2500,2022
"279","Ismail Mohamed","A678901","Male","15/5/2002",20,"Egypt","TARUC",2600,2022
"280","Jaber Abdi","A789012","Male","3/1/2003",19,"Somalia","MMU",2900,2022
"281","Jamal Hassan","A890123","Male","28/4/2002",20,"Sudan","Sunway",4200,2022
"282","Kareem Mohamed","A234567","Male","11/5/2003",19,"Egypt","KDU",3200,2022
"283","Khadija Abdi","A345678","Female","2/8/2002",20,"Somalia","HELP",3100,2022
"284","Laila Hussein","A456789","Female","23/12/2002",20,"Yemen","UCSI",2600,2022
"285","Leila Ali","A567890","Female","15/6/2003",19,"Sudan","UNITEN",3400,2022
"286","Mahdi Mohamed","A678901","Male","28/9/2002",20,"Egypt","UNIMAS",3600,2022
"287","Majed Abdi","A789012","Male","21/4/2003",19,"Somalia","AIMST",4700,2022
"288","Mariam Hussein","A890123","Female","12/7/2002",20,"Sudan","TARC",2900,2022
"289","Mariam Mohamed","A901234","Female","2/2/2003",19,"Egypt","MAHSA",4200,2022
"290","Marwa Ali","A012345","Female","25/5/2002",20,"Yemen","KLMUC",2700,2022
"291","Mina Hassan","A123456","Female","27/8/2003",18,"Sudan","IACT",2500,2022
"292","Mohamed Abdi","A234567","Male","19/11/2002",20,"Somalia","OUM",3200,2022
"293","Nadia Hussein","A345678","Female","17/1/2003",19,"Egypt","UTAR",2600,2022
"294","Nada Ali","A456789","Female","20/4/2002",20,"Yemen","WOU",3100,2022
"295","Nour Mohamed","A567890","Male","5/3/2003",19,"Egypt","SEGi",3600,2022
"296","Tariq Hussein","A234567","Male","2/5/2003",19,"Sudan","INTI",3100,2022
"297","Waleed Ali","A345678","Male","26/7/2002",20,"Yemen","MMU",2600,2022
"298","Yasmin Mohamed","A456789","Female","19/3/2003",19,"Egypt","Sunway",3600,2022
"299","Youssef Abdi","A567890","Male","12/6/2002",20,"Somalia","KDU",2900,2022
"300","Zahra Hussein","A678901","Female","29/1/2003",19,"Sudan","HELP",3200,2022
"301","Zainab Mohamed","A789012","Female","21/4/2002",20,"Egypt","UCSI",2500,2022
"302","Abdul Rahman Ali","A890123","Male","22/8/2003",18,"Yemen","UNITEN",4700,2022
"303","Ahmed Mohamed","A901234","Male","2/11/2002",20,"Egypt","UNIMAS",3400,2022
"304","Aisha Abdi","A012345","Female","11/4/2003",19,"Somalia","AIMST",2600,2022
"305","Ali Hussein","A123456","Male","15/7/2002",20,"Sudan","TARC",3600,2022
"306","Amal Mohamed","A234567","Female","19/6/2003",19,"Egypt","MAHSA",3100,2022
"307","Asmaa Ali","A345678","Female","9/12/2002",20,"Yemen","KLMUC",2900,2022
"308","Bilal Abdi","A456789","Male","18/5/2003",19,"Somalia","IACT",3100,2022
"309","Farah Mohamed","A678901","Female","22/3/2003",19,"Egypt","OUM",3600,2022
"310","Fatima Abdi","A789012","Female","15/6/2002",20,"Somalia","UTAR",2500,2022
"311","Hala Hussein","A890123","Female","16/1/2003",19,"Sudan","WOU",4700,2022
"312","Hamza Ali","A901234","Male","3/9/2002",20,"Yemen","SEGi",3200,2022
"313","Ismail Mohamed","A012345","Male","20/5/2003",19,"Egypt","INTI",3100,2022
"314","Jana Abdi","A123456","Female","12/8/2002",20,"Somalia","TARUC",3400,2022
"315","Khadija Hussein","A234567","Female","5/3/2003",19,"Sudan","MMU",2600,2022
"316","Layan Ali","A345678","Female","30/11/2002",20,"Yemen","Sunway",3100,2022
"317","Malik Abdi","A456789","Male","12/4/2003",19,"Somalia","KDU",2900,2022
"318","Mariam Hussein","A567890","Female","24/7/2002",20,"Sudan","HELP",3600,2022
"319","Mazen Mohamed","A678901","Male","8/8/2003",18,"Egypt","UCSI",4700,2022
"320","Mina Abdi","A789012","Female","11/11/2002",20,"Somalia","UNITEN",2600,2022
"321","Mohamed Hussein","A890123","Male","2/2/2003",19,"Sudan","UNIMAS",3100,2022
"322","Mohammed Ali","A901234","Male","19/5/2002",20,"Yemen","AIMST",3200,2022
"323","Mustafa Mohamed","A012345","Male","17/3/2003",19,"Egypt","TARC",3600,2022
"324","Nada Abdi","A123456","Female","10/6/2002",20,"Somalia","MAHSA",4700,2022
"325","Nadia Hussein","A234567","Female","22/4/2003",19,"Sudan","KLMUC",2600,2022
"326","Naima Ali","A345678","Female","14/8/2002",20,"Yemen","IACT",3100,2022
"327","Najma Abdi","A456789","Female","29/1/2003",19,"Somalia","OUM",3400,2022
"328","Nour Hussein","A567890","Female","12/12/2002",20,"Sudan","UTAR",3600,2022
"329","Omar Ali","A678901","Male","23/8/2003",18,"Yemen","WOU",2500,2022
"330","Rayyan Mohamed","A789012","Male","16/5/2002",20,"Egypt","SEGi",3100,2022
"331","Rima Abdi","A890123","Female","9/6/2003",19,"Somalia","INTI",2600,2022
"332","Saba Hussein","A901234","Female","31/7/2002",20,"Sudan","TARUC",3200,2022
"333","Safiya Mohamed","A012345","Female","5/2/2003",19,"Egypt","MMU",3400,2022
"334","Sahra Ali","A123456","Female","7/11/2002",20,"Yemen","Sunway",3600,2022
"335","Salma Abdi","A234567","Female","11/5/2003",19,"Somalia","KDU",3100,2022
"336","Samir Hussein","A345678","Male","23/7/2002",20,"Sudan","HELP",4700,2022
"337","Sara Ali","A456789","Female","25/4/2003",19,"Yemen","UCSI",2600,2022
"338","Shaima Abdi","A567890","Female","18/8/2002",20,"Somalia","UNITEN",3200,2022
"339","Sumaya Hussein","A678901","Female","20/1/2003",19,"Sudan","UNIMAS",3400,2022
"340","Taha Mohamed","A789012","Male","22/6/2002",20,"Egypt","AIMST",2900,2022
"341","Tarek Ali","A890123","Male","2/3/2003",19,"Yemen","TARC",4700,2022
"342","Wafa Abdi","A901234","Female","27/5/2002",20,"Somalia","MAHSA",3600,2022
"343","Yara Hussein","A012345","Female","28/3/2003",19,"Sudan","KLMUC",3100,2022
"344","Yasin Mohamed","A123456","Male","9/6/2002",20,"Egypt","IACT",2500,2022
"345","Yasir Abdi","A234567","Male","5/5/2003",19,"Somalia","OUM",2600,2022
"346","Youssef Hussein","A345678","Male","18/12/2002",20,"Sudan","UTAR",2900,2022
"347","Zaid Ali","A456789","Male","13/9/2003",18,"Yemen","WOU",3400,2022
"348","Zainab Abdi","A567890","Female","19/7/2002",20,"Somalia","SEGi",4700,2022
"349","Zaki Mohamed","A678901","Male","8/4/2003",19,"Egypt","INTI",2900,2022
"350","Zara Hussein","A789012","Female","10/11/2002",20,"Sudan","TARUC",3100,2022
"351","Zeinab Ali","A890123","Female","28/6/2003",19,"Yemen","MMU",4700,2022
"352","Ziad Mohamed","A901234","Male","15/9/2002",20,"Egypt","Sunway",3600,2022
"353","Aisha Abdulla","B012345","Female","1/4/2003",19,"UAE","KDU",3200,2022
"354","Amira Mohamed","B123456","Female","26/7/2002",20,"Egypt","HELP",3100,2022
"355","Asmaa Ali","B234567","Female","19/5/2003",19,"Yemen","UCSI",2600,2022
"356","Ayman Hussein","B345678","Male","23/8/2002",20,"Sudan","UNITEN",4700,2022
"357","Baraa Mohamed","B456789","Male","16/3/2003",19,"Egypt","UNIMAS",2500,2022
"358","Dalia Abdulla","B567890","Female","9/6/2002",20,"UAE","AIMST",3600,2022
"359","Eman Ali","B678901","Female","2/1/2003",19,"Yemen","TARC",2900,2022
"360","Faisal Mohamed","B789012","Male","25/5/2002",20,"Egypt","MAHSA",4700,2022
"361","Farida Hussein","B890123","Female","28/2/2003",19,"Sudan","KLMUC",2600,2022
"362","Fatima Ali","B901234","Female","21/11/2002",20,"Yemen","IACT",3100,2022
"363","Ghada Mohamed","B012345","Female","22/3/2003",19,"Egypt","OUM",3400,2022
"364","Habiba Abdulla","B123456","Female","15/8/2002",20,"UAE","UTAR",2600,2022
"365","Hana Ali","B234567","Female","18/7/2003",19,"Yemen","WOU",3600,2022
"366","Hassan Hussein","B345678","Male","31/12/2002",20,"Sudan","SEGi",2900,2022
"367","Hayat Mohamed","B456789","Female","10/4/2003",19,"Egypt","INTI",3100,2022
"368","Ibrahim Ali","B567890","Male","13/7/2002",20,"Yemen","TARUC",4700,2022
"369","Inas Abdulla","B678901","Female","6/1/2003",19,"UAE","MMU",3400,2022
"370","Jamal Mohamed","B789012","Male","28/6/2002",20,"Egypt","Sunway",2900,2022
"371","Khaled Hussein","B890123","Male","30/3/2003",19,"Sudan","KDU",3600,2022
"372","Lina Ali","B901234","Female","23/5/2002",20,"Yemen","HELP",3200,2022
"373","Maha Mohamed","C012345","Female","8/1/2003",19,"Egypt","UCSI",4700,2022
"374","Mariam Abdulla","C123456","Female","1/6/2002",20,"UAE","UNITEN",2600,2022
"375","Maryam Ali","C234567","Female","9/5/2003",19,"Yemen","UNIMAS",3400,2022
"376","Mazen Hussein","C345678","Male","23/7/2002",20,"Sudan","AIMST",3600,2022
"377","Miriam Mohamed","C456789","Female","22/2/2003",19,"Egypt","TARC",2500,2022
"378","Mohamed Ali","C567890","Male","25/9/2002",20,"Yemen","MAHSA",2900,2022
"379","Mona Abdulla","C678901","Female","30/1/2003",19,"UAE","KLMUC",3200,2022
"380","Mustafa Hussein","C789012","Male","20/5/2002",20,"Sudan","IACT",3100,2022
"381","Nadia Mohamed","C890123","Female","3/4/2003",19,"Egypt","OUM",2600,2022
"382","Nada Ali","C901234","Female","6/11/2002",20,"Yemen","UTAR",3600,2022
"383","Nasser Hussein","C012345","Male","7/8/2003",18,"Sudan","WOU",4700,2022
"384","Noura Abdulla","C123456","Female","10/8/2002",20,"UAE","SEGi",3400,2022
"385","Omar Mohamed","C234567","Male","16/7/2003",19,"Egypt","INTI",3200,2022
"386","Othman Ali","C345678","Male","9/12/2002",20,"Yemen","TARUC",2600,2022
"387","Rana Hussein","C456789","Female","1/6/2003",19,"Sudan","MMU",3800,2022
"388","Rawan Mohamed","C567890","Female","9/7/2002",20,"Egypt","Sunway",3400,2022
"389","Rayan Ali","C678901","Male","11/5/2003",19,"Yemen","KDU",2900,2022
"390","Rima Abdulla","C789012","Female","14/10/2002",20,"UAE","HELP",3600,2022
"391","Safa Hussein","C890123","Female","3/2/2003",19,"Sudan","UCSI",4700,2022
"392","Sahar Ali","C901234","Female","29/5/2002",20,"Yemen","UNITEN",3200,2022
"393","Salma Mohamed","D012345","Female","12/4/2003",19,"Egypt","UNIMAS",2600,2022
"394","Sara Abdulla","D123456","Female","5/7/2002",20,"UAE","AIMST",2500,2022
"395","Sarah Ali","D234567","Female","3/6/2003",19,"Yemen","TARC",3400,2022
"396","Shadia Hussein","D345678","Female","6/9/2002",20,"Sudan","MAHSA",3600,2022
"397","Somaia Mohamed","D456789","Female","10/5/2003",19,"Egypt","KLMUC",3100,2022
"398","Sumaya Ali","D567890","Female","13/8/2002",20,"Yemen","IACT",2900,2022
"399","Suzan Abdulla","D678901","Female","16/1/2003",19,"UAE","OUM",3600,2022
"400","Tarek Mohamed","D789012","Male","9/5/2002",20,"Egypt","UTAR",3200,2022
"401","Tawfiq Hussein","D890123","Male","12/3/2003",19,"Sudan","WOU",3400,2022
"402","Wafa Ali","D901234","Female","15/11/2002",20,"Yemen","SEGi",2600,2022
"403","Yasir Mohamed","D012345","Male","18/8/2003",18,"Egypt","INTI",2500,2022
"404","Yusra Abdulla","D123456","Female","21/6/2002",20,"UAE","TARUC",2900,2022
"405","Zainab Hussein","D234567","Female","24/1/2003",19,"Sudan","MMU",3600,2022
"406","Zaki Mohamed","D345678","Male","27/12/2002",20,"Egypt","Sunway",3100,2022
"407","Zara Ali","D456789","Female","28/2/2003",19,"Yemen","KDU",3200,2022
"408","Ziad Abdulla","D567890","Male","31/7/2002",20,"UAE","HELP",3400,2022
"409","Abeer Hussein","D678901","Female","23/3/2003",19,"Sudan","UCSI",2500,2022
"410","Abdul Ali","D789012","Male","26/6/2002",20,"Yemen","UNITEN",4700,2022
"411","Abrar Mohamed","D890123","Male","29/5/2003",19,"Egypt","UNIMAS",3600,2022
"412","Adel Abdulla","D901234","Male","31/8/2002",20,"UAE","AIMST",2600,2022
"413","Aisha Ali","E012345","Female","1/1/2003",19,"Yemen","TARC",3400,2022
"414","Akram Hussein","E123456","Male","3/9/2002",20,"Sudan","MAHSA",2900,2022
"415","Amal Mohamed","E234567","Female","5/6/2003",19,"Egypt","KLMUC",3100,2022
"416","Amira Abdulla","E345678","Female","7/11/2002",20,"UAE","IACT",3600,2022
"417","Anas Ali","E456789","Male","9/4/2003",19,"Yemen","OUM",3800,2022
"418","Areej Hussein","E567890","Female","11/7/2002",20,"Sudan","UTAR",2600,2022
"419","Asma Mohamed","E678901","Female","13/5/2003",19,"Egypt","WOU",3200,2022
"420","Ayman Abdulla","E789012","Male","15/8/2002",20,"UAE","SEGi",2500,2022
"421","Ayesha Ali","E890123","Female","17/3/2003",19,"Yemen","INTI",3100,2022
"422","Aziz Hussein","E901234","Male","19/6/2002",20,"Sudan","TARUC",2900,2022
"423","Batool Mohamed","F012345","Female","21/7/2003",19,"Egypt","MMU",4700,2022
"424","Dalia Abdulla","F123456","Female","23/9/2002",20,"UAE","Sunway",3400,2022
"425","Diaa Ali","F234567","Male","25/1/2003",19,"Yemen","KDU",3600,2022
"426","Esraa Hussein","F345678","Female","27/4/2002",20,"Sudan","HELP",2600,2022
"427","Farid Mohamed","F456789","Male","30/3/2003",19,"Egypt","UCSI",2600,2022
"428","Fatima Abdulla","F567890","Female","1/8/2002",20,"UAE","UNITEN",3200,2022
"429","Firas Ali","F678901","Male","4/5/2003",19,"Yemen","UNIMAS",3100,2022
"430","Ghalia Hussein","F789012","Female","6/10/2002",20,"Sudan","AIMST",3600,2022
"431","Hadi Mohamed","F890123","Male","8/7/2003",19,"Egypt","TARC",3400,2022
"432","Hanan Ali","F012345","Female","12/9/2003",19,"Yemen","MAHSA",4700,2022
"433","Hassan Hussein","F123456","Male","15/7/2002",20,"Sudan","KLMUC",3200,2022
"434","Heba Mohamed","F234567","Female","17/4/2003",19,"Egypt","IACT",3600,2022
"435","Hind Abdulla","F345678","Female","19/11/2002",20,"UAE","OUM",3100,2022
"436","Ibtisam Ali","F456789","Female","21/1/2003",19,"Yemen","UTAR",2600,2022
"437","Ibrahim Hussein","F567890","Male","23/5/2002",20,"Sudan","WOU",3400,2022
"438","Imran Mohamed","F678901","Male","25/2/2003",19,"Egypt","SEGi",3800,2022
"439","Jana Abdulla","F789012","Female","27/6/2002",20,"UAE","INTI",2900,2022
"440","Juman Ali","F890123","Female","1/3/2003",19,"Yemen","TARUC",2500,2022
"441","Khaled Hussein","F901234","Male","3/8/2002",20,"Sudan","MMU",3600,2022
"442","Lama Mohamed","G012345","Female","6/5/2003",19,"Egypt","Sunway",3200,2022
"443","Leena Abdulla","G123456","Female","8/8/2002",20,"UAE","KDU",3400,2022
"444","Lubna Ali","G234567","Female","10/7/2003",19,"Yemen","HELP",3100,2022
"445","Mahmoud Hussein","G345678","Male","12/9/2002",20,"Sudan","UCSI",2900,2022
"446","Ahmed Ali","ABC123456","Male","1-Jan-98",23,"Iraq","Sunway",750,2018
"447","Laila Hassan","DEF789012","Female","2-Feb-99",21,"Egypt","Binary",600,2018
"448","Mohammed Saeed","GHI345678","Male","3-Mar-97",24,"Yemen","Limkokwing",700,2018
"449","Amirah Hassan","JKL901234","Female","4-Apr-00",20,"Malaysia","KDU",850,2018
"450","Ahmed Omar","MNO567890","Male","5-May-98",22,"Libya","Nilai",900,2018
"451","Fatima Ali","PQR123456","Female","6-Jun-97",23,"Saudi Arabia","Mahsa",500,2018
"452","Ali Hassan","STU789012","Male","7-Jul-96",24,"Somalia","UCSI",800,2018
"453","Yasmin Saeed","VWX345678","Female","8-Aug-99",21,"Bahrain","Taylor's",750,2018
"454","Omar Ahmed","YZA901234","Male","9-Sep-98",22,"Sudan","APU",600,2018
"455","Aisha Mohammed","BCD567890","Female","10-Oct-97",23,"United Arab Emirates","City",900,2018
"456","Hussain Ali","EFG123456","Male","19-Oct-00",20,"Pakistan","UUM",700,2018
"457","Amani Omar","HIJ789012","Female","12-Dec-95",25,"Yemen","UIA",1000,2018
"458","Abdullah Hassan","KLM345678","Male","13-Jan-00",21,"Egypt","KL",550,2018
"459","Sara Ahmed","NOP901234","Female","14-Feb-99",22,"Yemen","UPM",800,2018
"460","Amira Ahmed","QRS567890","Female","16-Apr-98",23,"Egypt","MMU",600,2018
"461","Abdul Rahman","TUV123456","Male","17-May-99",22,"Saudi Arabia","UCSI",750,2018
"462","Noura Ali","WXY789012","Female","18-Jun-97",24,"United Arab Emirates","UTAR",900,2018
"463","Mohammed Omar","ZAB345678","Male","19-Jul-98",22,"Yemen","UNITAR",700,2018
"464","Hala Mohammed","CDE901234","Female","20-Aug-00",20,"Iraq","SEGi",1000,2018
"465","Samir Hassan","FGH567890","Male","21-Sep-96",24,"Somalia","Sunway",500,2018
"466","Lina Saeed","IJK123456","Female","22-Oct-95",25,"Yemen","Binary",800,2018
"467","Kareem Ali","LMN789012","Male","23-Nov-97",23,"Egypt","Limkokwing",900,2018
"468","Noor Hussein","OPQ345678","Female","24-Dec-99",21,"Iraq","KDU",600,2018
"469","Hamza Mohammed","RST901234","Male","25-Jan-98",23,"Libya","Nilai",700,2018
"470","Nadia Ahmed","UVW567890","Female","26-Feb-96",25,"Egypt","Mahsa",750,2018
"471","Ahmed Hassan","XYZ123456","Male","16-Jan-01",24,"Somalia","UCSI",800,2018
"472","Rana Saeed","AAB789012","Female","28-Apr-99",22,"Bahrain","Taylor's",750,2018
"473","Khalid Omar","BCD345678","Male","29-May-98",22,"Sudan","APU",1000,2018
"474","Fatima Mohammed","EFG901234","Female","30-Jun-00",20,"Yemen","City",800,2018
"475","Sarah Rahman","HIJ567890","Female","1-Jul-98",23,"Bangladesh","UUM",1200,2018
"476","Ali Hamza","KLM123456","Male","2-Aug-97",24,"Iraq","UIA",1000,2018
"477","Sana Nasir","NOP789012","Female","3-Sep-96",25,"Pakistan","KL",800,2018
"478","Mohammed Ali","QRS345678","Male","4-Oct-95",26,"Egypt","UPM",900,2018
"479","Reem Abdullah","TUV901234","Female","5-Nov-99",22,"Saudi Arabia","MMU",750,2018
"480","Yaseen Ahmed","WXY567890","Male","6-Dec-97",24,"United Arab Emirates","UCSI",800,2018
"481","Zainab Hassan","ZAB123456","Female","7-Jan-96",25,"Yemen","UTAR",700,2018
"482","Mohammed Ahmed","CDE789012","Male","8-Feb-98",23,"Somalia","UNITAR",600,2018
"483","Aisha Mohammed","FGH345678","Female","9-Mar-99",22,"Libya","SEGi",700,2018
"484","Omar Hassan","IJK901234","Male","10-Apr-97",24,"Egypt","Sunway",800,2018
"485","Fatima Nasser","LMN567890","Female","11-May-98",23,"Yemen","Binary",750,2018
"486","Hassan Ali","OPQ123456","Male","12-Jun-96",25,"Sudan","Limkokwing",900,2018
"487","Mohammed Saeed","RST789012","Male","13-Jul-99",22,"Iraq","KDU",1000,2018
"488","Huda Mohammed","UVW345678","Female","14-Aug-00",21,"Yemen","Nilai",800,2018
"489","Fatima Ahmed","XYZ901234","Female","16-Oct-97",24,"Pakistan","Mahsa",900,2018
"490","Ahmad Mahmoud","AAB567890","Male","17-Nov-96",25,"Egypt","UCSI",800,2018
"491","Mariam Ali","BCD123456","Female","18-Dec-95",26,"Iraq","Taylor's",700,2018
"492","Hani Salem","EFG789012","Male","19-Jan-98",23,"Saudi Arabia","APU",1000,2018
"493","Samira Hassan","HIJ345678","Female","20-Feb-99",22,"Yemen","City",750,2018
"494","Mohammed Omar","KLM901234","Male","21-Mar-96",25,"Somalia","UUM",600,2018
"495","Sara Nasser","NOP567890","Female","22-Apr-97",24,"Libya","UIA",800,2018
"496","Ahmed Ali","QRS123456","Male","23-May-98",23,"Sudan","KL",900,2018
"497","Amna Hassan","TUV789012","Female","24-Jun-99",22,"United Arab Emirates","UPM",700,2018
"498","Abdullah Saeed","WXY345678","Male","25-Jul-96",25,"Yemen","MMU",800,2018
"499","Zainab Ahmad","ZAB901234","Female","26-Aug-97",24,"Pakistan","UCSI",1000,2018
"500","Mustafa Hassan","CDE567890","Male","27-Sep-98",23,"Iraq","UTAR",900,2018
"501","Ayman Najib","FGH123456","Male","28-Oct-99",22,"Egypt","UNITAR",750,2018
"502","Lina Mohammed","IJK789012","Female","29-Nov-96",25,"Yemen","UTAR",800,2018
"503","Ibrahim Omar","LMN345678","Male","30-Dec-97",24,"Somalia","INTI",700,2018
"504","Amira Al-Baity","OPQ901234","Female","1-Jan-99",19,"Yemen","SEGi",500,2018
"505","Zahraa Kaddoura","RST567890","Female","3-Jan-97",21,"Syria","Sunway",400,2018
"506","Omar Saeed","UVW123456","Male","5-Jan-98",20,"Jordan","Limkokwing",600,2018
"507","Faris Ahmad","XYZ789012","Male","10-Jan-97",21,"Pakistan","KDU",700,2018
"508","Arwa Hassan","AAB345678","Female","12-Jan-96",22,"Somalia","Binary",450,2018
"509","Hamzah Khouri","BCD901234","Male","15-Jan-99",19,"Palestine","Nilai",550,2018
"510","Fatima Ali","EFG567890","Female","20-Jan-98",20,"Iraq","Mahsa",350,2018
"511","Sarah Khader","HIJ123456","Female","22-Jan-97",21,"Jordan","UCSI",450,2018
"512","Huda Al-Najjar","KLM789012","Female","25-Jan-99",19,"Syria","Taylor's",400,2018
"513","Mohammed Al-Barrak","NOP345678","Male","1-Feb-98",20,"Yemen","APU",550,2018
"514","Mustafa Saad","QRS901234","Male","4-Feb-97",21,"Iraq","City",600,2018
"515","Ayah Elias","TUV567890","Female","8-Feb-96",22,"Palestine","UUM",500,2018
"516","Fathi Hassan","WXY123456","Female","13-Feb-99",19,"Somalia","UIA",450,2018
"517","Khaleel Saadiq","ZAB789012","Male","16-Feb-98",20,"Pakistan","KL",350,2018
"518","Sarah Jamilah","CDE345678","Female","2-Feb-99",24,"Malaysia","UPM",500,2018
"519","Mohammed Hassan","FGH901234","Male","10-Mar-97",26,"Sudan","MMU",750,2018
"520","Fatimah Ahmad","IJK567890","Female","15-Apr-98",23,"Malaysia","UCSI",600,2018
"521","Ahmad Abdulrazzaq","LMN123456","Male","7-May-96",27,"Iraq","UTAR",400,2018
"522","Sadiya Mohammed Ali","OPQ789012","Female","1-Jun-99",22,"Somalia","UNITAR",550,2018
"523","Jin-soo Choi","RST345678","Male","14-Jul-98",23,"South Korea","SEGi",700,2018
"524","Muhammad Zubairi","UVW901234","Male","25-Aug-96",27,"Pakistan","Sunway",650,2018
"525","Yasmeen Ali","XYZ567890","Female","7-Sep-98",23,"Pakistan","Binary",600,2018
"526","Faizan Mahmood","AAB123456","Male","19-Oct-97",24,"Pakistan","Limkokwing",700,2018
"527","Mohammed Ibrahim","BCD789012","Male","2-Nov-95",26,"Yemen","KDU",800,2018
"528","Rasma Hussein","EFG345678","Female","15-Dec-99",22,"Somalia","Nilai",500,2018
"529","Yusuf Omar","HIJ901234","Male","28-Jan-95",28,"Somalia","Mahsa",750,2018
"530","Nizar Hassan","KLM567890","Male","13-Feb-97",24,"Iraq","UCSI",400,2018
"531","Asmaa Mohamed","NOP123456","Female","26-Mar-98",23,"Somalia","Taylor's",550,2018
"532","Aly Abdelaziz","QRS789012","Male","2-Jan-96",22,"Sudan","APU",5000,2018
"533","Zeyna Abdi","TUV345678","Female","12-Feb-99",19,"Somalia","City",2500,2018
"534","Muhammad Jamaa","WXY901234","Male","3-May-97",21,"Somalia","UUM",2000,2018
"535","Hamza Hussein","ZAB567890","Male","5-Aug-98",20,"Sudan","UIA",1500,2018
"536","Nura Abdi","CDE123456","Female","22-Jun-96",22,"Somalia","KL",3000,2018
"537","Ahmed Ibrahim","FGH789012","Male","15-Sep-99",19,"Kenya","UPM",2500,2018
"538","Lina Omar","IJK345678","Female","19-Aug-94",24,"Sudan","MMU",2000,2018
"539","Mohamed Ali","LMN901234","Male","8-Mar-96",22,"Somalia","UCSI",1800,2018
"540","Samira Abdi","OPQ567890","Female","30-Jul-98",20,"Somalia","UTAR",2200,2018
"541","Khalid Abdi","RST123456","Male","5-Nov-95",23,"Somalia","Mahsa",2700,2018
"542","Nadir Ahmed","UVW789012","Male","18-Apr-94",24,"Kenya","UCSI",3000,2018
"543","Safiya Ali","XYZ345678","Female","10-Jan-96",22,"Somalia","Taylor's",1500,2018
"544","Fatma Hassan","AAB901234","Female","22-Aug-97",21,"Sudan","APU",1800,2018
"545","Muhammad Daud","BCD567890","Male","2-Sep-99",19,"Kenya","City",2200,2018
"546","Awil Mohamed","OP345678","Male","1-Jan-98",20,"Somalia","UUM",500,2018
"547","Sahan Nura","QR901234","Male","2-Feb-99",19,"Kenya","UIA",450,2018
"548","Amirahim Ali","ST567890","Male","3-Mar-00",18,"Sudan","KL",600,2018
"549","Lamya Omar","UV123456","Female","4-Apr-97",21,"Somalia","UPM",550,2018
"550","Hafiz Salah","WX789012","Male","5-May-96",22,"Kenya","MMU",400,2018
"551","Ahmed Hassan","YZ345678","Male","6-Jun-98",20,"Sudan","UCSI",650,2018
"552","Ahmed Nadir","AA901234","Male","7-Jul-99",19,"Somalia","UTAR",550,2018
"553","Nasim Yassin","BB567890","Female","8-Aug-97",21,"Kenya","UNITAR",450,2018
"554","Mohamed Abukar","CC123456","Male","9-Sep-95",23,"Somalia","SEGi",400,2018
"555","Maryam Ibrahim","DD789012","Female","10-Oct-96",22,"Sudan","Sunway",600,2018
"556","Bilal Omar","EE345678","Male","11-Nov-98",20,"Kenya","Binary",550,2018
"557","Nasreen Ali","FF901234","Female","12-Dec-99",19,"Somalia","Limkokwing",400,2018
"558","Abdi Kadir","GG567890","Male","1-Jan-99",22,"Somalia","KDU",3500,2018
"559","Mohammed Ismail","HH123456","Male","3-Feb-98",20,"Sudan","Nilai",4500,2018
"560","Hussein Saeed","II789012","Male","5-Mar-99",21,"Somalia","Mahsa",4000,2018
"561","Fatima Abdullahi","JJ345678","Female","8-Apr-96",24,"Kenya","UCSI",3800,2018
"562","Ahmed Salahuddin","KK901234","Male","12-May-97",23,"Sudan","Taylor's",4200,2018
"563","Naima Hassan","LL567890","Female","14-Jun-98",22,"Somalia","APU",4100,2018
"564","Hafsa Ibrahim","MM123456","Female","17-Jul-99",21,"Kenya","City",3900,2018
"565","Adam Ali","NN789012","Male","21-Aug-96",24,"Somalia","UUM",3500,2018
"566","Yasmin Hussein","OO345678","Female","23-Sep-97",23,"Sudan","UIA",4500,2018
"567","Mohammed Ahmed","PP901234","Male","26-Oct-98",22,"Somalia","KL",4000,2018
"568","Ali Mohammed","QQ567890","Male","28-Nov-99",21,"Kenya","UPM",3800,2018
"569","Rania Abdelrahman","RR123456","Female","2-Jan-96",26,"Sudan","MMU",4200,2018
"570","Abdiqadir Mohamed","SS789012","Male","4-Feb-97",24,"Somalia","UCSI",4100,2018
"571","Nashwa Hassan","TT345678","Female","7-Mar-98",23,"Kenya","UTAR",3900,2018
"572","Omar Abdi","UU901234","Male","10-Apr-99",21,"Somalia","UNITAR",3500,2018
"573","Mahmoud Ali","VV567890","Male","1/1/1999",24,"Sudan","City",1200,2018
"574","Sultan Akhtar","WW123456","Male","3/5/2000",23,"Pakistan","UUM",1500,2018
"575","Nadia Ahmad","XX789012","Female","6/12/1997",26,"Pakistan","UIA",1000,2018
"576","Khalid Al Haddad","YY345678","Male","10/3/1998",23,"Yemen","KL",2000,2018
"577","Hussain Al-Hashmi","ZZ901234","Male","2/10/2000",23,"Oman","UPM",1800,2018
"578","Mariam Al-Zahrani","BA567890","Female","7/2/1999",24,"Saudi Arabia","MMU",2200,2018
"579","Abdullah Hassan Ali","BB123456","Male","12/6/1997",26,"Somalia","UCSI",1500,2018
"580","Halima Mohammed","BC789012","Female","5/1/1998",23,"Kenya","UTAR",1300,2018
"581","Saifullah Abdirahman","BD345678","Male","9/8/1999",22,"Somalia","UNITAR",1400,2018
"582","Faridah Amid","BE901234","Female","4/4/1997",26,"Egypt","SEGi",1900,2018
"583","Mohamed Ibrahim","BF567890","Male","11/2/1999",22,"Sudan","Sunway",1600,2018
"584","Ahmed Ali Shah","BG123456","Male","8/7/1997",24,"Pakistan","Binary",1200,2018
"585","Ismat Khatoon","BH789012","Female","3/12/1998",23,"Pakistan","Limkokwing",1700,2018
"586","Abdullahi Salim","BI345678","Male","2/5/2000",21,"Somalia","KDU",1400,2018
"587","Samir Alami","RDM769W832","Male","1-Feb-00",21,"Morocco","UCSI",2000,2020
"588","Sarah Ibrahim","HKL810S429","Female","18-Mar-01",19,"Egypt","UM",1500,2020
"589","Yahya Saeed","YEP291D358","Male","6-Jan-02",18,"Yemen","Taylor's",1700,2020
"590","Ameer Mansoor","BBZ193K957","Male","14-Jul-01",19,"Pakistan","APU",1800,2020
"591","Sanaa Abbas","MUV529E780","Female","2-Nov-02",18,"Iraq","UUM",1900,2020
"592","Fatima Bakr","GCN316N084","Female","27-Dec-99",21,"Somalia","UIA",1600,2020
"593","Khalid Al Hamoudi","VPL582W491","Male","14-Jan-00",20,"Saudi Arabia","City",1800,2020
"594","Hamdi Zakaria","DIF931J659","Male","8-Sep-01",19,"Sudan","UPM",2000,2020
"595","Amal Abdelaziz","QJW486U129","Female","5-Apr-02",18,"Egypt","USM",1500,2020
"596","Youssef Ahmed","OMR259L758","Male","22-Jun-00",20,"Egypt","UiTM",2000,2020
"597","Fatima Saad","YLT840Z573","Female","19-Oct-01",19,"Yemen","UMS",1700,2020
"598","Ahmed Ali","RWB705S128","Male","1-Dec-99",21,"Somalia","UKM",1900,2020
"599","Nadya Shaker","HCA960D035","Female","10-Mar-00",20,"Iraq","IIUM",1600,2020
"600","Ibrahim Hassan","XPI427K368","Male","14-Sep-01",19,"Egypt","UniMAP",1500,2020
"601","Ali Azeem","AYF843E126","Male","10-Apr-00",21,"Pakistan","UTM",2000,2020
"602","Najjar Ramzi","KTE952N791","Male","4-May-02",18,"Lebanon","AIT",2500,2020
"603","Imran Khan","UZO326Y875","Male","8-Sep-01",19,"Afghanistan","ASU",1800,2020
"604","Fardos Hamza","NBM679W930","Female","22-Jun-99",21,"Sudan","UP",1500,2020
"605","Yusuf Ibrahim","SJP548J260","Male","11-Oct-00",20,"Somalia","UTHM",1000,2020
"606","Hanafi Majed","PYL473T086","Male","15-Nov-01",19,"Yemen","UMK",2200,2020
"607","Bahman Tariq","IQW015L932","Male","3-Dec-00",20,"Iraq","UMT",3000,2020
"608","Zahra Sheikh","TDC954R107","Female","9-Jul-01",19,"Iran","UMP",2500,2020
"609","Fatma Ahmad","OXH156K094","Female","2-Jan-98",22,"Egypt","USIM",1500,2020
"610","Adam Ali","YIX693E621","Male","1-Feb-01",19,"Tanzania","UTP",1800,2020
"611","Abdullah Mohd","RQA871N925","Male","18-Sep-00",20,"Malaysia","UMKC",2000,2020
"612","Ameer Abdi","HFG742Y593","Male","30-Jun-02",18,"Somalia","UTHM",1000,2020
"613","Ayoub Moussa","XZB380W295","Male","16-Apr-01",19,"Algeria","UMT",2200,2020
"614","Hassan Adnan","AVL269D870","Male","20-Oct-00",20,"Pakistan","UMK",3000,2020
"615","John Smith","KCG119J042","Male","2-Jan",21,"USA","UPMKB",2500,2020
"616","Ayesha Latif","UGY950K415","Female","8-Feb",20,"Pakistan","UMP",2800,2020
"617","Ahmad Fathi","NQE663E723","Male","22-Jul",19,"Jordan","USIM",3000,2020
"618","Mariam Hassan","SII532U189","Female","12-May",20,"Somalia","UTP",2000,2020
"619","Amir Mahmoud","PZC156W089","Male","1-Oct",22,"Egypt","UMKC",1500,2020
"620","Anawar Rahman","MKT859D546","Male","25-Dec",19,"Bangladesh","UTHM",2200,2020
"621","Nashita Khaliq","JTX272R963","Female","18-Apr",21,"Pakistan","UMT",1800,2020
"622","Abdullah Saeed","EWG685L951","Male","1-Mar",20,"Saudi Arabia","UMK",2700,2020
"623","Amani Ibrahim","XYH679Z072","Female","10-Aug",19,"Egypt","UPMKB",1600,2020
"624","Khaled Hassan","FVC415J801","Male","5-Jun",20,"Egypt","UMK",1900,2020
"625","Fatimah Alawi","QZW170N096","Female","14-Sep",21,"Yemen","USIM",2500,2020
"626","Mahmoud Zaki","LPT647K502","Male","2-Jan",22,"Egypt","UTP",2000,2020
"627","Amira El-Sayed","TSF414E953","Female","21-Mar",20,"Egypt","UMKC",2200,2020
"628","Abdullah Al-Masri","NVD086U105","Male","15-Jul",19,"Syria","UTHM",3000,2020
"629","Nadia Fawzi","RDN529W371","Female","18-Nov",19,"Egypt","UMT",1800,2020
"630","Abdullah Al Hajri","HKO408S276","Male","2-Jan-00",22,"Saudi Arabia","UMK",8000,2020
"631","Sarah Tan","YEM690D845","Female","4-Mar-02",18,"Malaysia","UPMKB",6000,2020
"632","Mohammad Ali","BBP972K305","Male","8-Jul-01",19,"Pakistan","UMK",5000,2020
"633","Ahmed Ibrahim","MUP518E429","Male","1-Jan-01",19,"Somalia","USIM",7000,2020
"634","Amir Hossein","GCJ358N279","Male","6-Jun-00",20,"Iran","UTP",4000,2020
"635","Zeynep ztrk","VPI438W720","Female","3-Feb-02",18,"Turkey","UMKC",5500,2020
"636","Abdullah Mohamed","DIO728J319","Male","17-Nov-01",19,"Egypt","UTHM",4500,2020
"637","Mariam Ali","QJX231U586","Female","29-May-00",20,"Yemen","UMT",6500,2020
"638","Salem Al Marri","OMS524L146","Male","15-Aug-02",18,"United Arab Emirates","UMK",5000,2020
"639","Nusaybah Mohammed","YLZ703Z352","Female","23-Apr-01",19,"Sudan","UPMKB",9000,2020
"640","Fathimah Al Habsyi","RWT090S987","Female","12-Sep-01",19,"Indonesia","UMK",7500,2020
"641","Muhammed Ibrahim","HCX316D285","Male","8-Dec-01",19,"Nigeria","USIM",8000,2020
"642","Ibrahim Abbas","XPJ658K196","Male","2-Jan",21,"Yemen","UTP",1500,2020
"643","Aisha Sadiq","AYH814E524","Female","4-Feb",20,"Pakistan","UMKC",1700,2020
"644","Hassan Osman","OXH156K094","Male","6-Mar",23,"Somalia","UTHM",1200,2020
"645","Saifullah Farooq","YIX693E621","Male","8-Apr",19,"Afghanistan","UMT",1400,2020
"646","Aamir Razaq","RQA871N925","Male","10-May",22,"Pakistan","UMK",1300,2020
"647","Hussein Mohamed","LAJ2123","Male","15/3/1999",22,"Somalia","Taylor's",1500,2021
"648","Saida Ahmed","TML7694","Female","8/8/2001",20,"Kenya","Taylor's",1200,2021
"649","Ahmed Khalid","KSH4378","Male","24/1/1998",23,"Sudan","Taylor's",1700,2021
"650","Noura Omar","FTR9123","Female","10/5/2000",21,"Egypt","Taylor's",1400,2021
"651","Omar Abdulrahman","XTP5672","Male","19/2/2002",19,"Somalia","Taylor's",1100,2021
"652","Laila Ahmed","KFP2387","Female","1/12/1999",22,"Kenya","Taylor's",1000,2021
"653","Abdullah Saleh","DMB8679","Male","5/9/1997",24,"Sudan","UCSI",1600,2021
"654","Sara Khalil","JNW9012","Female","17/1/2001",20,"Egypt","UM",1300,2021
"655","Yassin Ali","LGR1452","Male","8/7/1999",22,"Somalia","Taylor's",1200,2021
"656","Maha Hassan","KDT4589","Female","22/6/1998",23,"Sudan","APU",1500,2021
"657","Mohamed Salah","HTY7216","Male","25/11/2000",21,"Egypt","UUM",1300,2021
"658","Fartun Abdi","VDM2934","Female","13/9/1999",22,"Somalia","UIA",1100,2021
"659","Hassan Ibrahim","RPL9167","Male","2/3/2001",20,"Sudan","City",1700,2021
"660","Amal Mahmoud","NKG7461","Female","5/12/1998",23,"Egypt","UPM",1400,2021
"661","Rashid Ahmed","BDT5439","Male","20/8/2002",19,"Somalia","USM",1200,2021
"662","Zahra Ali","HDT2156","Female","3/5/1999",22,"Kenya","UiTM",1000,2021
"663","Omar Abdelaziz","LRP3426","Male","12/11/1997",24,"Egypt","UMS",1600,2021
"664","Halima Hassan","GTR8932","Female","28/6/2001",20,"Somalia","UKM",1300,2021
"665","Sara Ibrahim","CMA2896","Female","12/8/2002",19,"Sudanese","IIUM",5000,2021
"666","Khalid Al-Khalifa","LKA8679","Male","7/5/2000",21,"Saudi Arabian","UniMAP",4500,2021
"667","Nada Hassan","KZM4210","Female","25/11/2001",20,"Yemeni","UTM",3000,2021
"668","Ali Al-Badr","QAT6531","Male","18/2/2003",18,"Qatari","AIT",5500,2021
"669","Muna Ahmed","DJI2245","Female","2/4/2001",20,"Djiboutian","ASU",4000,2021
"670","Ibrahim Al-Sudairi","SAU4563","Male","19/9/1999",22,"Saudi Arabian","UP",3500,2021
"671","Moussa Abdi","SOM3369","Male","15/1/2002",19,"Somali","UTHM",2500,2021
"672","Rania Hassan","EGY7724","Female","8/12/2000",21,"Egyptian","UMK",2800,2021
"673","Omar Al-Haddad","IRQ1985","Male","23/7/2001",20,"Iraqi","UMT",5000,2021
"674","Leila Mohamed","SOM9632","Female","31/3/2002",19,"Somali","UMP",3000,2021
"675","Aisha Hamid","YEM7028","Female","11/6/2000",21,"Yemeni","USIM",2700,2021
"676","Mohammed Al-Qahtani","SAU1228","Male","27/5/1999",22,"Saudi Arabian","UTP",3200,2021
"677","Fatima Al-Abdullah","KWT6847","Female","3/2/2001",20,"Kuwaiti","UMKC",5500,2021
"678","Rami Omar","EGY1289","Male","14/9/2000",21,"Egyptian","UTHM",4000,2021
"679","Musa Ali","SOM4492","Male","18/5/2002",19,"Somali","UMT",2500,2021
"680","Dina Ali","MYK1428","Female","5/2/1999",22,"Egypt","UMK",2000,2021
"681","Abdul Karim","UEM9056","Male","12/8/1999",22,"Sudan","UPMKB",2500,2021
"682","Amira Samir","MYA3329","Female","25/5/2000",21,"Egypt","UMP",1800,2021
"683","Nabilah Yusof","MYB1408","Female","15/7/2001",20,"Malaysia","USIM",1500,2021
"684","Salim Mohammed","MYA6661","Male","1/1/1999",22,"Somalia","UTP",2200,2021
"685","Farida Ali","MYK7739","Female","20/11/2002",19,"Somalia","UMKC",1700,2021
"686","Maryam Hassan","UEM9087","Female","10/3/2000",21,"Sudan","UTHM",2800,2021
"687","Ahmed Abdullah","MYK8193","Male","17/6/2001",20,"Yemen","UMT",2400,2021
"688","Rawan Ali","MYA2569","Female","3/4/2002",19,"Syria","UMK",1600,2021
"689","Yusuf Ibrahim","UEM9055","Male","28/7/2000",21,"Somalia","UPMKB",1900,2021
"690","Sarah Mohamed","MYK9187","Female","11/1/2001",20,"Egypt","UMK",1700,2021
"691","Ayman Khalid","MYK7658","Male","1/9/2000",21,"Egypt","USIM",2100,2021
"692","Nadia Hassan","MYB3946","Female","28/12/1999",22,"Egypt","UTP",1500,2021
"693","Nour Hamidi","TMA-98746","Female","15/3/2002",19,"Syria","UTHM",1900,2021
"694","Ali Al-Omari","YJO-34627","Male","5/9/2000",21,"Jordan","UMT",2000,2021
"695","Dalia Abdel-Rahman","KFY-86435","Female","21/11/2001",20,"Egypt","UMK",1750,2021
"696","Omar Ali","FNT-59724","Male","6/7/2002",19,"Somalia","UPMKB",1850,2021
"697","Fatima Hassan","CDR-14269","Female","11/5/2001",20,"Sudan","UMK",1700,2021
"698","Omar Khalid","JGB-28491","Male","28/2/2001",20,"Iraq","USIM",1800,2021
"699","Hala Said","NPB-53978","Female","16/9/2002",19,"Egypt","UTP",1950,2021
"700","Khalid Abdullah","GKF-27364","Male","3/6/2001",20,"Malaysia","UMKC",1650,2021
"701","Maryam Abdi","PMH-42056","Female","25/4/2002",19,"Somalia","UTHM",1900,2021
"702","Faisal Ibrahim","XAV-82740","Male","12/11/2000",21,"Yemen","UMT",1750,2021
"703","Amina Mohamed","RFT-76201","Female","7/1/2001",20,"Kenya","UMK",1600,2021
"704","Ali Al-Farouk","LKJ-46923","Male","19/6/2002",19,"Sudan","UPMKB",1700,2021
"705","Noor Faisal","UHN-30176","Male","27/7/2001",20,"Egypt","UMK",1750,2021
"706","Ahmed Hassan","MXV-23807","Male","18/5/2002",19,"Somalia","USIM",1850,2021
"707","Mohammed Ahmed","YX230981","Male","03/15/1998",23,"Sudan","UTP",4500,2021
"708","Maryam Ali","ZS610739","Female","07/24/1999",22,"Somalia","UMKC",5000,2021
"709","Amr Saad","RR983524","Male","1/9/2000",21,"Egypt","UTHM",4000,2021
"710","Lina Hassan","DD417245","Female","11/1/1998",23,"Egypt","UMT",5500,2021
"711","Hamza Ali","FG872154","Male","02/14/1999",22,"Kenya","UMK",3000,2021
"712","Zahraa Saleh","KL650137","Female","5/7/2000",21,"Iraq","UPMKB",6000,2021
"713","Ahmad Omar","JH980315","Male","08/28/1999",22,"Sudan","UMK",4500,2021
"714","Fatima Ahmed","YT420762","Female","12/30/1998",23,"Somalia","USIM",5000,2021
"715","Rania Ali","ZT632186","Female","03/22/2000",21,"Egypt","UTP",5500,2021
"716","Khalid Osman","HY296801","Male","9/12/1999",22,"Sudan","UMKC",5000,2021
"717","Samiyah Abdi","WT540262","Female","01/17/2000",21,"Somalia","UTHM",4000,2021
"718","Rasha Ali","CV609261","Female","6/9/1998",23,"Iraq","UMT",6000,2021
"719","Adam Ahmed","DF198507","Male","10/30/1999",22,"Sudan","UMK",3000,2021
"720","Muna Mohamed","PU530149","Female","02/22/2000",21,"Somalia","UPMKB",5500,2021
"721","Yara Hassan","ZA609824","Female","05/13/1998",23,"Egypt","UTM",4500,2021
"722","Hassan Ali","RC831542","Male","9/6/1999",22,"Sudan","UTHM",5000,2021
"723","Sarah Al-Mahdi","KL726321","Female","15/2/2000",21,"Yemen","UMK",7000,2021
"724","Ahmad Al-Rashid","KL908745","Male","9/5/2001",20,"Syria","UMT",9000,2021
"725","Reem Hassan","KL103598","Female","23/1/2002",19,"Egypt","UMP",6500,2021
"726","Ahmed Nasser","KL472620","Male","6/8/2001",20,"Sudan","UTM",8000,2021
"727","Ayman Al-Farsi","KL199335","Male","4/3/2000",21,"Oman","UTHM",7500,2021
"728","Aisha Hussein","KL509811","Female","17/6/2002",19,"Somalia","UMK",5500,2021
"729","Nadia Al-Hariri","KL327694","Female","1/12/2001",20,"Lebanon","UMT",6000,2021
"730","Omar Ibrahim","KL838617","Male","12/4/2000",21,"Syria","UMP",8000,2021
"731","Rania Al-Masri","KL562912","Female","28/2/2001",20,"Jordan","UTM",6500,2021
"732","Mohamed Abdi","KL248655","Male","10/9/2002",19,"Somalia","UTHM",5500,2021
"733","Fatima Al-Nasser","KL408370","Female","15/1/2001",20,"Bahrain","UMK",7000,2021
"734","Hassan Al-Shami","KL982164","Male","21/6/2000",21,"Yemen","UMT",7500,2021
"735","Leila Al-Farooq","KL619787","Female","3/4/2001",20,"Palestine","UMP",5500,2021
"736","Yusuf Al-Sulaiman","KL185596","Male","18/1/2002",19,"Saudi Arabia","Taylor's",8000,2021
"737","Amina Hassan","KL770421","Female","8/7/2001",20,"Somalia","APU",5500,2021
"738","Mohammed Ahmed","MYA143221","Male","14/2/2000",21,"Yemen","UUM",5000,2021
"739","Fatima Hassan","MYA197482","Female","22/7/1999",22,"Somalia","UIA",4500,2021
"740","Saeed Al-Mansoori","MYA124731","Male","1/5/2001",20,"United Arab Emirates","City",5500,2021
"741","Aisha Al-Hashemi","MYA286293","Female","17/10/2000",21,"United Arab Emirates","KLU",4000,2021
"742","Musa Al-Sayed","MYA057872","Male","3/9/2000",21,"Bahrain","UPM",4800,2021
"743","Layla Al-Khalifa","MYA309428","Female","31/12/1999",22,"Bahrain","USM",5200,2021
"744","Ahmed Al-Sulaiman","MYA202170","Male","8/3/2001",20,"Saudi Arabia","UiTM",6000,2021
"745","Nada Al-Mutairi","MYA407382","Female","19/8/2000",21,"Saudi Arabia","UMS",4500,2021
"746","Jafar Al-Rashid","MYA542017","Male","5/6/2000",21,"Saudi Arabia","UKM",5000,2021
"747","Lubna Al-Saud","MYA306890","Female","21/1/2001",20,"Saudi Arabia","IIUM",5500,2021
"748","Youssef Mahmoud","MYA075693","Male","12/4/2000",21,"Egypt","UniMAP",5000,2021
"749","Sara Abdel-Nour","MYA188382","Female","28/11/1999",22,"Egypt","UTM",4000,2021
"750","Amir El-Masry","MYA623492","Male","19/3/2000",21,"Egypt","AIT",4500,2021
"751","Leila Al-Aswad","MYA318246","Female","5/9/1999",22,"Egypt","ASU",5000,2021
"752","Ali Al-Amri","MYA127845","Male","9/7/2001",20,"Oman","UP",5200,2021
"753","Hassan Ali","MYK12345","Male","12/5/1999",22,"Somali","UTHM",2500,2021
"754","Laila Mohamed","MYK23456","Female","25/2/2000",21,"Sudanese","UMK",3000,2021
"755","Ahmed Omar","MYK34567","Male","8/9/2001",20,"Egyptian","UMT",2000,2021
"756","Najwa Rahman","MYK45678","Female","15/11/1998",23,"Malaysian","UMP",2800,2021
"757","Yahya Salim","MYK56789","Male","3/8/1999",22,"Yemeni","UMT",3200,2021
"758","Amal Ali","MYK67890","Female","30/1/2002",19,"Libyan","UMP",2600,2021
"759","Sara Khalid","MYK78901","Female","21/7/2000",21,"Palestinian","UTM",3000,2021
"760","Ibrahim Hassan","MYK89012","Male","16/4/1998",23,"Somali","UTHM",2500,2021
"761","Sadia Mohamed","MYK90123","Female","10/12/1999",22,"Sudanese","UMK",3000,2021
"762","Ahmed Saleh","MYK01234","Male","28/2/2001",20,"Egyptian","UMT",2000,2021
"763","Muna Abdullah","MYK12356","Female","15/6/1998",23,"Malaysian","UMP",2800,2021
"764","Mohammed Ali","MYK23567","Male","12/1/1999",22,"Yemeni","UTM",3200,2021
"765","Nadia Ahmed","MYK35678","Female","6/11/2000",21,"Libyan","UTHM",2600,2021
"766","Aisha Omar","MYK46789","Female","18/5/1999",22,"Palestinian","UMK",3000,2021
"767","Abdi Hussein","MYK67890","Male","31/3/2001",20,"Somali","UMT",2500,2021
"768","Kamal Mohamed","A223456","Male","13/8/2000",21,"Egypt","UMP",3200,2021
"769","Khadija Ali","A334567","Female","8/1/2001",22,"Somalia","UTM",3600,2021
"770","Khaled Hassan","A445678","Male","12/2/2002",19,"Egypt","UTHM",2600,2021
"771","Laila Ahmed","A556789","Female","25/11/2001",20,"Sudan","UMK",3100,2021
"772","Leila Abdi","A667890","Female","3/6/2002",19,"Somalia","UMT",2900,2021
"773","Lina Hussein","A778901","Female","30/4/2000",21,"Yemen","UMP",4200,2021
"774","Lubna Ali","A890012","Female","10/7/2001",20,"Egypt","UTM",2900,2021
"775","Mahmoud Mohamed","A901234","Male","5/12/2000",21,"Egypt","UTHM",2700,2021
"776","Mariam Hassan","A112345","Female","18/3/2001",20,"Sudan","UMK",2300,2021
"777","Maryam Ali","A223456","Female","11/1/2002",19,"Yemen","UMT",2600,2021
"778","Mohamed Abdi","A334567","Male","20/6/2001",20,"Somalia","UMP",4700,2021
"779","Mohamed Hassan","A445678","Male","15/9/2000",21,"Sudan","UTM",3100,2021
"780","Mohamed Yusuf","A556789","Male","22/5/2002",19,"Somalia","UTHM",3000,2021
"781","Nour Hamidi","TMA-98746","Female","15/3/2002",19,"Syria","UMT",1900,2021
"782","Ali Al-Omari","YJO-34627","Male","5/9/2000",21,"Jordan","UMP",2000,2021
"783","Dalia Abdel-Rahman","KFY-86435","Female","21/11/2001",20,"Egypt","UTM",1750,2021
"784","Omar Ali","FNT-59724","Male","6/7/2002",19,"Somalia","UTHM",1850,2021
"785","Fatima Hassan","CDR-14269","Female","11/5/2001",20,"Sudan","UMK",1700,2021
"786","Omar Khalid","JGB-28491","Male","28/2/2001",20,"Iraq","UMT",1800,2021
"787","Hala Said","NPB-53978","Female","16/9/2002",19,"Egypt","UMP",1950,2021
"788","Khalid Abdullah","GKF-27364","Male","3/6/2001",20,"Malaysia","UTM",1650,2021
"789","Maryam Abdi","PMH-42056","Female","25/4/2002",19,"Somalia","UTHM",1900,2021
"790","Faisal Ibrahim","XAV-82740","Male","12/11/2000",21,"Yemen","UMK",1750,2021
"791","Amina Mohamed","RFT-76201","Female","7/1/2001",20,"Kenya","UMT",1600,2021
"792","Ali Al-Farouk","LKJ-46923","Male","19/6/2002",19,"Sudan","UMP",1700,2021
"793","Noor Faisal","UHN-30176","Male","27/7/2001",20,"Egypt","UTM",1750,2021
"794","Ahmed Hassan","MXV-23807","Male","18/5/2002",19,"Somalia","UTHM",1850,2021
"795","Mohammed Hassan","A778901","Male","11/3/2000",21,"Sudan","UMK",2500,2021
"796","Mohammed Mohamed","A890012","Male","7/2/2001",20,"Egypt","UMT",2600,2021
"797","Nada Ahmed","A901234","Female","8/9/2002",19,"Sudan","UMP",3100,2021
"798","Nadia Ali","A112345","Female","17/5/2000",21,"Yemen","UTM",2900,2021
"799","Nadia Hassan","A223456","Female","27/12/2001",20,"Sudan","UTHM",3400,2021
"800","Naima Abdi","A334567","Female","18/9/2001",20,"Somalia","UMK",4700,2021
"801","Nasser Mohamed","A445678","Male","29/11/2000",21,"Egypt","UMT",3600,2021
"802","Nawal Ali","A556789","Female","21/8/2002",19,"Yemen","UMP",2500,2021
"803","Omar Abdi","A667890","Male","16/3/2001",20,"Somalia","UTM",3100,2021
"804","Omer Mohamed","A778901","Male","29/6/2002",19,"Sudan","UTHM",2600,2021
"805","Osama Hassan","A890012","Male","13/5/2000",21,"Egypt","UMK",3400,2021
"806","Rami Mohamed","A901234","Male","9/10/2001",20,"Egypt","UMT",3100,2021
"807","Rawan Ali","A112345","Female","14/7/2000",21,"Yemen","UMP",3200,2021
"808","Raya Hussein","A223456","Female","11/6/2001",20,"Sudan","UTM",2700,2021
"809","Mariam Ahmed","G456789","Female","13/2/2004",19,"Egypt","Sunway",3600,2023
"810","Mazen Ali","G567890","Male","16/7/2003",20,"Yemen","Taylor's",3200,2023
"811","Mona Hussein","G678901","Female","19/4/2004",19,"Sudan","UPM",3100,2023
"812","Mohamed Abdullah","G789012","Male","22/9/2003",20,"UAE","UM",3400,2023
"813","Nadia Ali","G890123","Female","24/1/2004",19,"Yemen","UiTM",2900,2023
"814","Nadine Hussein","G901234","Female","27/4/2003",20,"Sudan","Taylor's",3200,2023
"815","Nasser Mohamed","H012345","Male","30/1/2004",19,"Egypt","Sunway",3600,2023
"816","Nour Abdulla","H123456","Female","2/5/2003",20,"UAE","USIM",3800,2023
"817","Omar Ali","H234567","Male","6/3/2004",19,"Yemen","UPM",3100,2023
"818","Omnia Hussein","H345678","Female","8/6/2003",20,"Sudan","UTM",2600,2023
"819","Osama Mohamed","H456789","Male","11/3/2004",19,"Egypt","UTAR",4700,2023
"820","Rasha Abdulla","H567890","Female","13/8/2003",20,"UAE","USM",2500,2023
"821","Rayan Ali","H678901","Male","15/5/2004",19,"Yemen","Sunway",3600,2023
"822","Rima Hussein","H789012","Female","17/10/2003",20,"Sudan","UPM",3100,2023
"823","Sahar Ahmed","H901234","Female","19/2/2004",19,"Egypt","UTM",2600,2023
"824","Salma Abdullah","I012345","Female","21/5/2003",20,"UAE","UiTM",2900,2023
"825","Samer Ali","I123456","Male","23/2/2004",19,"Yemen","Sunway",3600,2023
"826","Sara Hussein","I234567","Female","26/7/2003",20,"Sudan","UPM",3100,2023
"827","Sawsan Mohamed","I345678","Female","28/4/2004",19,"Egypt","Taylor's",3200,2023
"828","Sharif Abdulla","I456789","Male","30/9/2003",20,"UAE","UM",3400,2023
"829","Shireen Ali","I567890","Female","2/7/2004",19,"Yemen","UTM",2600,2023
"830","Tariq Hussein","I678901","Male","4/12/2003",20,"Sudan","Sunway",3600,2023
"831","Tawfiq Mohamed","I789012","Male","6/9/2004",19,"Egypt","UPM",3100,2023
"832","Tharaa Abdullah","I890123","Female","8/12/2003",20,"UAE","USIM",3800,2023
"833","Waad Ali","I901234","Male","10/5/2004",19,"Yemen","UiTM",2900,2023
"834","Waleed Hussein","J012345","Male","12/8/2003",20,"Sudan","Taylor's",3200,2023
"835","Yasmin Mohamed","J123456","Female","14/5/2004",19,"Egypt","Sunway",3600,2023
"836","Youssef Abdulla","J234567","Male","16/10/2003",20,"UAE","UPM",3100,2023
"837","Yousuf Ali","J345678","Male","18/2/2004",19,"Yemen","UM",3400,2023
"838","Zahra Hussein","J456789","Female","21/5/2003",20,"Sudan","UiTM",2900,2023
"839","Zaid Mohamed","J567890","Male","23/2/2004",19,"Egypt","UM",3400,2023
"840","Zara Abdullah","J678901","Female","25/7/2003",20,"UAE","Sunway",3600,2023
"841","Zayed Ali","J789012","Male","27/4/2004",19,"Yemen","UPM",3100,2023
"842","Zeina Hussein","J890123","Female","29/9/2003",20,"Sudan","USIM",3800,2023
"843","Aisha Ahmed","K012345","Female","1/2/2004",19,"Egypt","USM",2500,2023
"844","Ali Abdullah","K123456","Male","4/5/2003",20,"UAE","Sunway",3600,2023
"845","Amal Mohamed","K234567","Female","7/4/2004",19,"Egypt","Taylor's",3200,2023
"846","Amer Ali","K345678","Male","9/7/2003",20,"Yemen","UPM",3100,2023
"847","Anwar Hussein","K456789","Male","11/4/2004",19,"Sudan","UTM",2600,2023
"848","Asmaa Abdullah","K567890","Female","13/9/2003",20,"UAE","UM",3400,2023
"849","Ayman Mohamed","K678901","Male","15/6/2004",19,"Egypt","UPM",3100,2023
"850","Aya Ali","K789012","Female","17/11/2003",20,"Yemen","UiTM",2900,2023
"851","Dalia Ali","K890123","Female","19/3/2004",19,"Saudi Arabia","USM",2500,2023
"852","Farid Hussein","L012345","Male","21/6/2003",20,"Somalia","Sunway",3600,2023
"853","Fatima Abdullah","L123456","Female","23/3/2004",19,"Kuwait","UTM",2600,2023
"854","Hala Mohamed","L234567","Female","26/6/2003",20,"Palestine","UM",3400,2023
"855","Hamza Ali","L345678","Male","28/3/2004",19,"Saudi Arabia","Taylor's",3200,2023
"856","Hasan Abdullah","L456789","Male","30/8/2003",20,"Qatar","USIM",3800,2023
"857","Hiba Hussein","L567890","Female","2/5/2004",19,"Djibouti","UiTM",2900,2023
"858","Ibtisam Mohamed","L678901","Female","4/10/2003",20,"Jordan","UTM",2600,2023
"859","Imran Ali","L789012","Male","6/7/2004",19,"Saudi Arabia","UPM",3100,2023
"860","Jaber Abdullah","L890123","Male","8/10/2003",20,"UAE","USM",2500,2023
"861","Jihad Mohamed","M012345","Male","10/7/2004",19,"Syria","Taylor's",3200,2023
"862","Khaled Hussein","M123456","Male","12/10/2003",20,"Egypt","UiTM",2900,2023
"863","Lama Abdullah","M234567","Female","14/7/2004",19,"Palestine","UM",3400,2023
"864","Layla Ali","M345678","Female","16/12/2003",20,"Saudi Arabia","Sunway",3600,2023
"865","Leila Hussein","M456789","Female","18/9/2004",19,"Egypt","UPM",3100,2023
"866","Lubna Mohamed","M567890","Female","21/12/2003",20,"Syria","USM",2500,2023
"867","Majed Ali","M678901","Male","23/9/2004",19,"Saudi Arabia","UTM",2600,2023
"868","Maha Abdullah","M789012","Female","25/12/2003",20,"Kuwait","Sunway",3600,2023
"869","Mahmoud Hussein","M890123","Male","27/9/2004",19,"Egypt","Taylor's",3200,2023
"870","Mariam Mohamed","N012345","Female","29/12/2003",20,"Syria","UiTM",2900,2023
"871","Masoud Ali","N123456","Male","30/9/2004",19,"Saudi Arabia","UM",3400,2023
"872","Maya Hussein","N234567","Female","2/12/2003",20,"Jordan","USIM",3800,2023
"873","Mohamad Abdullah","N345678","Male","4/9/2004",19,"Qatar","UPM",3100,2023
"874","Mohammad Mohamed","N456789","Male","6/12/2003",20,"Syria","Sunway",3600,2023
"875","Mohammed Ali","N567890","Male","8/9/2004",19,"Saudi Arabia","UTM",2600,2023
"876","Mona Hussein","N678901","Female","10/12/2003",20,"Kuwait","Taylor's",3200,2023
"877","Nadia Mohamed","N789012","Female","12/9/2004",19,"Egypt","UiTM",2900,2023
"878","Nasser Abdullah","N890123","Male","14/12/2003",20,"UAE","UM",3400,2023
"879","Nour Hussein","N901234","Female","16/6/2004",19,"Egypt","Sunway",3600,2023
"880","Omar Mohamed","O012345","Male","18/9/2003",20,"Syria","USM",2500,2023
"881","Qasim Ali","O123456","Male","20/6/2004",19,"Saudi Arabia","UTM",2600,2023
"882","Rabia Abdullah","O234567","Female","22/9/2003",20,"Kuwait","UPM",3100,2023
"883","Rania Hussein","O345678","Female","24/6/2004",19,"Jordan","UM",3400,2023
"884","Rayan Mohamed","O456789","Male","26/9/2003",20,"Yemen","Taylor's",3200,2023
"885","Reem Ali","O567890","Female","28/6/2004",19,"Saudi Arabia","UiTM",2900,2023
"886","Salim Abdullah","O678901","Male","30/10/2003",20,"UAE","Sunway",3600,2023
"887","Samar Mohamed","O789012","Female","2/7/2004",19,"Syria","USM",2500,2023
"888","Sara Hussein","O890123","Female","4/10/2003",20,"Egypt","UTM",2600,2023
"889","Sawsan Ali","P012345","Female","6/7/2004",19,"Saudi Arabia","UPM",3100,2023
"890","Shireen Abdullah","P123456","Female","8/10/2003",20,"Kuwait","UM",3400,2023
"891","Soha Mohamed","P234567","Female","10/7/2004",19,"Syria","Taylor's",3200,2023
"892","Taha Hussein","P345678","Male","12/10/2003",20,"Yemen","UiTM",2900,2023
"893","Hassan Ali","R012345","Male","18/5/1999",24,"Somalia","USM",2500,2023
"894","Abdullah Hassan","P456789","Male","18/4/1999",24,"Somalia","USM",2500,2023
"895","Abdulrahman Ali","P567890","Male","21/6/2000",21,"Saudi Arabia","Sunway",3600,2023
"896","Ahmed Mohamed","P678901","Male","23/3/1998",23,"Egypt","UTM",2600,2023
"897","Ali Abdullah","P789012","Male","26/6/2001",20,"Yemen","UM",3400,2023
"898","Amira Hussein","P890123","Female","28/3/1999",22,"Jordan","Taylor's",3200,2023
"899","Asma Mohamed","Q012345","Female","30/8/2002",19,"Syria","USIM",3800,2023
"900","Basim Ali","Q123456","Male","2/5/2000",21,"Saudi Arabia","UiTM",2900,2023
"901","Dina Abdullah","Q234567","Female","4/10/1999",22,"Kuwait","UTM",2600,2023
"902","Elias Hussein","Q345678","Male","6/7/2001",20,"Somalia","UPM",3100,2023
"903","Fatma Mohamed","Q456789","Female","8/10/1998",23,"Egypt","USM",2500,2023
"904","Firas Ali","Q567890","Male","10/7/2000",21,"Saudi Arabia","Sunway",3600,2023
"905","Ghalia Abdullah","Q678901","Female","12/10/1999",22,"Palestine","UM",3400,2023
"906","Hadeel Mohamed","Q789012","Female","14/7/2002",19,"Syria","Taylor's",3200,2023
"907","Hamdi Hussein","Q890123","Male","16/10/2001",20,"Somalia","UiTM",2900,2023
"908","Ibrahim Mohamed","R123456","Male","21/7/2000",21,"Egypt","UTM",2600,2023
"909","Jaber Abdullah","R234567","Male","23/10/2001",20,"Kuwait","UPM",3100,2023
"910","Jamal Hussein","R345678","Male","25/5/1998",23,"Somalia","UM",3400,2023
"911","Jamila Mohamed","R456789","Female","27/8/2000",21,"Yemen","Taylor's",3200,2023
"912","Jumana Ali","R567890","Female","29/11/1999",22,"Syria","USIM",3800,2023
"913","Khaled Abdullah","R678901","Male","1/9/2001",20,"Saudi Arabia","UiTM",2900,2023
"914","Layla Hussein","R789012","Female","3/12/1998",23,"Palestine","Sunway",3600,2023
"915","Leila Mohamed","R890123","Female","5/9/2000",21,"Egypt","USM",2500,2023
"916","Majed Ali","S012345","Male","7/12/1999",22,"Saudi Arabia","UTM",2600,2023
"917","Maha Abdullah","S123456","Female","9/9/2001",20,"Kuwait","Sunway",3600,2023
"918","Mahmoud Hussein","S234567","Male","11/12/1998",23,"Egypt","Taylor's",3200,2023
"919","Mariam Mohamed","S345678","Female","13/9/2000",21,"Syria","UiTM",2900,2023
